<?xml version="1.0" encoding="ISO-8859-1" ?>
<link_info>
   <banner>TI ARM Linker PC v20.2.5.LTS</banner>
   <copyright>Copyright (c) 1996-2018 Texas Instruments Incorporated</copyright>
   <link_time>0x64070221</link_time>
   <link_errors>0x0</link_errors>
   <output_file>P2_pae+.out</output_file>
   <entry_point>
      <name>_c_int00_noargs</name>
      <address>0x795</address>
   </entry_point>
   <input_file_list>
      <input_file id="fl-2">
         <path>.\</path>
         <kind>object</kind>
         <file>main.obj</file>
         <name>main.obj</name>
      </input_file>
      <input_file id="fl-3">
         <path>.\</path>
         <kind>object</kind>
         <file>startup_msp432p401r_ccs.obj</file>
         <name>startup_msp432p401r_ccs.obj</name>
      </input_file>
      <input_file id="fl-4">
         <path>.\</path>
         <kind>object</kind>
         <file>system_msp432p401r.obj</file>
         <name>system_msp432p401r.obj</name>
      </input_file>
      <input_file id="fl-8">
         <kind>object</kind>
         <file>&lt;internal&gt;</file>
         <name>&lt;internal&gt;</name>
      </input_file>
      <input_file id="fl-be">
         <path>C:\ti\ccs1040\ccs\tools\compiler\ti-cgt-arm_20.2.5.LTS\lib\</path>
         <kind>archive</kind>
         <file>rtsv7M4_T_le_v4SPD16_eabi.lib</file>
         <name>copy_zero_init.c.obj</name>
      </input_file>
      <input_file id="fl-bf">
         <path>C:\ti\ccs1040\ccs\tools\compiler\ti-cgt-arm_20.2.5.LTS\lib\</path>
         <kind>archive</kind>
         <file>rtsv7M4_T_le_v4SPD16_eabi.lib</file>
         <name>copy_decompress_none.c.obj</name>
      </input_file>
      <input_file id="fl-c0">
         <path>C:\ti\ccs1040\ccs\tools\compiler\ti-cgt-arm_20.2.5.LTS\lib\</path>
         <kind>archive</kind>
         <file>rtsv7M4_T_le_v4SPD16_eabi.lib</file>
         <name>copy_decompress_lzss.c.obj</name>
      </input_file>
      <input_file id="fl-c1">
         <path>C:\ti\ccs1040\ccs\tools\compiler\ti-cgt-arm_20.2.5.LTS\lib\</path>
         <kind>archive</kind>
         <file>rtsv7M4_T_le_v4SPD16_eabi.lib</file>
         <name>boot_cortex_m.c.obj</name>
      </input_file>
      <input_file id="fl-c2">
         <path>C:\ti\ccs1040\ccs\tools\compiler\ti-cgt-arm_20.2.5.LTS\lib\</path>
         <kind>archive</kind>
         <file>rtsv7M4_T_le_v4SPD16_eabi.lib</file>
         <name>memcpy_t2.asm.obj</name>
      </input_file>
      <input_file id="fl-c3">
         <path>C:\ti\ccs1040\ccs\tools\compiler\ti-cgt-arm_20.2.5.LTS\lib\</path>
         <kind>archive</kind>
         <file>rtsv7M4_T_le_v4SPD16_eabi.lib</file>
         <name>memset_t2.asm.obj</name>
      </input_file>
      <input_file id="fl-c4">
         <path>C:\ti\ccs1040\ccs\tools\compiler\ti-cgt-arm_20.2.5.LTS\lib\</path>
         <kind>archive</kind>
         <file>rtsv7M4_T_le_v4SPD16_eabi.lib</file>
         <name>autoinit.c.obj</name>
      </input_file>
      <input_file id="fl-c5">
         <path>C:\ti\ccs1040\ccs\tools\compiler\ti-cgt-arm_20.2.5.LTS\lib\</path>
         <kind>archive</kind>
         <file>rtsv7M4_T_le_v4SPD16_eabi.lib</file>
         <name>pre_init.c.obj</name>
      </input_file>
      <input_file id="fl-c6">
         <path>C:\ti\ccs1040\ccs\tools\compiler\ti-cgt-arm_20.2.5.LTS\lib\</path>
         <kind>archive</kind>
         <file>rtsv7M4_T_le_v4SPD16_eabi.lib</file>
         <name>cpy_tbl.c.obj</name>
      </input_file>
      <input_file id="fl-c7">
         <path>C:\ti\ccs1040\ccs\tools\compiler\ti-cgt-arm_20.2.5.LTS\lib\</path>
         <kind>archive</kind>
         <file>rtsv7M4_T_le_v4SPD16_eabi.lib</file>
         <name>exit.c.obj</name>
      </input_file>
      <input_file id="fl-c8">
         <path>C:\ti\ccs1040\ccs\tools\compiler\ti-cgt-arm_20.2.5.LTS\lib\</path>
         <kind>archive</kind>
         <file>rtsv7M4_T_le_v4SPD16_eabi.lib</file>
         <name>_lock.c.obj</name>
      </input_file>
      <input_file id="fl-c9">
         <path>C:\ti\ccs1040\ccs\tools\compiler\ti-cgt-arm_20.2.5.LTS\lib\</path>
         <kind>archive</kind>
         <file>rtsv7M4_T_le_v4SPD16_eabi.lib</file>
         <name>args_main.c.obj</name>
      </input_file>
   </input_file_list>
   <object_component_list>
      <object_component id="oc-26">
         <name>.intvecs:retain</name>
         <load_address>0x0</load_address>
         <run_address>0x0</run_address>
         <size>0xe4</size>
         <input_file_ref idref="fl-3"/>
      </object_component>
      <object_component id="oc-a5">
         <name>.text</name>
         <load_address>0xe4</load_address>
         <run_address>0xe4</run_address>
         <size>0x334</size>
         <input_file_ref idref="fl-4"/>
      </object_component>
      <object_component id="oc-6d">
         <name>.text</name>
         <load_address>0x418</load_address>
         <run_address>0x418</run_address>
         <size>0x234</size>
         <input_file_ref idref="fl-2"/>
      </object_component>
      <object_component id="oc-37">
         <name>.text</name>
         <load_address>0x64c</load_address>
         <run_address>0x64c</run_address>
         <size>0x9c</size>
         <input_file_ref idref="fl-c2"/>
      </object_component>
      <object_component id="oc-17">
         <name>.text:decompress:lzss:__TI_decompress_lzss</name>
         <load_address>0x6e8</load_address>
         <run_address>0x6e8</run_address>
         <size>0x68</size>
         <input_file_ref idref="fl-c0"/>
      </object_component>
      <object_component id="oc-de">
         <name>.text:__TI_auto_init_nobinit_nopinit:__TI_auto_init_nobinit_nopinit</name>
         <load_address>0x750</load_address>
         <run_address>0x750</run_address>
         <size>0x44</size>
         <input_file_ref idref="fl-c4"/>
      </object_component>
      <object_component id="oc-55">
         <name>.text:_c_int00_noargs:_c_int00_noargs</name>
         <load_address>0x794</load_address>
         <run_address>0x794</run_address>
         <size>0x34</size>
         <input_file_ref idref="fl-c1"/>
      </object_component>
      <object_component id="oc-1d">
         <name>.text:decompress:none:__TI_decompress_none</name>
         <load_address>0x7c8</load_address>
         <run_address>0x7c8</run_address>
         <size>0xe</size>
         <input_file_ref idref="fl-bf"/>
      </object_component>
      <object_component id="oc-67">
         <name>.text</name>
         <load_address>0x7d6</load_address>
         <run_address>0x7d6</run_address>
         <size>0xe</size>
         <input_file_ref idref="fl-3"/>
      </object_component>
      <object_component id="oc-93">
         <name>.text:_system_pre_init</name>
         <load_address>0x7e4</load_address>
         <run_address>0x7e4</run_address>
         <size>0x4</size>
         <input_file_ref idref="fl-c5"/>
      </object_component>
      <object_component id="oc-d2">
         <name>.text:abort:abort</name>
         <load_address>0x7e8</load_address>
         <run_address>0x7e8</run_address>
         <size>0x4</size>
         <input_file_ref idref="fl-c7"/>
      </object_component>
      <object_component id="oc-1aa">
         <name>.cinit..data.load</name>
         <load_address>0x7f0</load_address>
         <run_address>0x7f0</run_address>
         <size>0xa</size>
      </object_component>
      <object_component id="oc-1a8">
         <name>__TI_handler_table</name>
         <load_address>0x7fc</load_address>
         <run_address>0x7fc</run_address>
         <size>0x8</size>
      </object_component>
      <object_component id="oc-1a9">
         <name>__TI_cinit_table</name>
         <load_address>0x804</load_address>
         <run_address>0x804</run_address>
         <size>0x8</size>
      </object_component>
      <object_component id="oc-17c">
         <name>.binit</name>
         <load_address>0x0</load_address>
         <run_address>0x0</run_address>
         <size>0x0</size>
      </object_component>
      <object_component id="oc-ac">
         <name>.data</name>
         <load_address>0x20000004</load_address>
         <run_address>0x20000004</run_address>
         <size>0x2</size>
         <input_file_ref idref="fl-2"/>
      </object_component>
      <object_component id="oc-110">
         <name>.data</name>
         <load_address>0x20000000</load_address>
         <run_address>0x20000000</run_address>
         <size>0x4</size>
         <input_file_ref idref="fl-4"/>
      </object_component>
      <object_component id="oc-29">
         <name>.stack</name>
         <uninitialized>true</uninitialized>
         <run_address>0x2000fe00</run_address>
         <size>0x4</size>
         <input_file_ref idref="fl-c1"/>
      </object_component>
      <object_component id="oc-1ac">
         <name>.stack</name>
         <uninitialized>true</uninitialized>
         <run_address>0x2000fe00</run_address>
         <size>0x0</size>
      </object_component>
      <object_component id="oc-b5">
         <name>.debug_info</name>
         <load_address>0x0</load_address>
         <run_address>0x0</run_address>
         <size>0x51b</size>
         <input_file_ref idref="fl-2"/>
      </object_component>
      <object_component id="oc-ad">
         <name>.debug_info</name>
         <load_address>0x51b</load_address>
         <run_address>0x51b</run_address>
         <size>0xba</size>
         <input_file_ref idref="fl-2"/>
      </object_component>
      <object_component id="oc-6f">
         <name>.debug_info</name>
         <load_address>0x5d5</load_address>
         <run_address>0x5d5</run_address>
         <size>0x36f</size>
         <input_file_ref idref="fl-2"/>
      </object_component>
      <object_component id="oc-122">
         <name>.debug_info</name>
         <load_address>0x944</load_address>
         <run_address>0x944</run_address>
         <size>0x1055</size>
         <input_file_ref idref="fl-2"/>
      </object_component>
      <object_component id="oc-bd">
         <name>.debug_info</name>
         <load_address>0x1999</load_address>
         <run_address>0x1999</run_address>
         <size>0x26b</size>
         <input_file_ref idref="fl-2"/>
      </object_component>
      <object_component id="oc-11d">
         <name>.debug_info</name>
         <load_address>0x1c04</load_address>
         <run_address>0x1c04</run_address>
         <size>0x37e2</size>
         <input_file_ref idref="fl-2"/>
      </object_component>
      <object_component id="oc-b6">
         <name>.debug_info</name>
         <load_address>0x53e6</load_address>
         <run_address>0x53e6</run_address>
         <size>0x8b</size>
         <input_file_ref idref="fl-2"/>
      </object_component>
      <object_component id="oc-116">
         <name>.debug_info</name>
         <load_address>0x5471</load_address>
         <run_address>0x5471</run_address>
         <size>0x2a4</size>
         <input_file_ref idref="fl-2"/>
      </object_component>
      <object_component id="oc-b0">
         <name>.debug_info</name>
         <load_address>0x5715</load_address>
         <run_address>0x5715</run_address>
         <size>0xbb</size>
         <input_file_ref idref="fl-2"/>
      </object_component>
      <object_component id="oc-75">
         <name>.debug_info</name>
         <load_address>0x57d0</load_address>
         <run_address>0x57d0</run_address>
         <size>0x2b5</size>
         <input_file_ref idref="fl-3"/>
      </object_component>
      <object_component id="oc-27">
         <name>.debug_info</name>
         <load_address>0x5a85</load_address>
         <run_address>0x5a85</run_address>
         <size>0xe1</size>
         <input_file_ref idref="fl-3"/>
      </object_component>
      <object_component id="oc-69">
         <name>.debug_info</name>
         <load_address>0x5b66</load_address>
         <run_address>0x5b66</run_address>
         <size>0x1a8</size>
         <input_file_ref idref="fl-3"/>
      </object_component>
      <object_component id="oc-32">
         <name>.debug_info</name>
         <load_address>0x5d0e</load_address>
         <run_address>0x5d0e</run_address>
         <size>0x84</size>
         <input_file_ref idref="fl-3"/>
      </object_component>
      <object_component id="oc-111">
         <name>.debug_info</name>
         <load_address>0x5d92</load_address>
         <run_address>0x5d92</run_address>
         <size>0xda</size>
         <input_file_ref idref="fl-4"/>
      </object_component>
      <object_component id="oc-a8">
         <name>.debug_info</name>
         <load_address>0x5e6c</load_address>
         <run_address>0x5e6c</run_address>
         <size>0x24c</size>
         <input_file_ref idref="fl-4"/>
      </object_component>
      <object_component id="oc-42">
         <name>.debug_info</name>
         <load_address>0x60b8</load_address>
         <run_address>0x60b8</run_address>
         <size>0x2a8</size>
         <input_file_ref idref="fl-bf"/>
      </object_component>
      <object_component id="oc-20">
         <name>.debug_info</name>
         <load_address>0x6360</load_address>
         <run_address>0x6360</run_address>
         <size>0x1ea</size>
         <input_file_ref idref="fl-bf"/>
      </object_component>
      <object_component id="oc-3d">
         <name>.debug_info</name>
         <load_address>0x654a</load_address>
         <run_address>0x654a</run_address>
         <size>0x46</size>
         <input_file_ref idref="fl-bf"/>
      </object_component>
      <object_component id="oc-7f">
         <name>.debug_info</name>
         <load_address>0x6590</load_address>
         <run_address>0x6590</run_address>
         <size>0x2c</size>
         <input_file_ref idref="fl-bf"/>
      </object_component>
      <object_component id="oc-7d">
         <name>.debug_info</name>
         <load_address>0x65bc</load_address>
         <run_address>0x65bc</run_address>
         <size>0x29e</size>
         <input_file_ref idref="fl-c0"/>
      </object_component>
      <object_component id="oc-1b">
         <name>.debug_info</name>
         <load_address>0x685a</load_address>
         <run_address>0x685a</run_address>
         <size>0x250</size>
         <input_file_ref idref="fl-c0"/>
      </object_component>
      <object_component id="oc-2d">
         <name>.debug_info</name>
         <load_address>0x6aaa</load_address>
         <run_address>0x6aaa</run_address>
         <size>0x60</size>
         <input_file_ref idref="fl-c0"/>
      </object_component>
      <object_component id="oc-c2">
         <name>.debug_info</name>
         <load_address>0x6b0a</load_address>
         <run_address>0x6b0a</run_address>
         <size>0x46</size>
         <input_file_ref idref="fl-c0"/>
      </object_component>
      <object_component id="oc-78">
         <name>.debug_info</name>
         <load_address>0x6b50</load_address>
         <run_address>0x6b50</run_address>
         <size>0x39</size>
         <input_file_ref idref="fl-c0"/>
      </object_component>
      <object_component id="oc-2a">
         <name>.debug_info</name>
         <load_address>0x6b89</load_address>
         <run_address>0x6b89</run_address>
         <size>0x10b</size>
         <input_file_ref idref="fl-c1"/>
      </object_component>
      <object_component id="oc-56">
         <name>.debug_info</name>
         <load_address>0x6c94</load_address>
         <run_address>0x6c94</run_address>
         <size>0x1a9</size>
         <input_file_ref idref="fl-c1"/>
      </object_component>
      <object_component id="oc-38">
         <name>.debug_info</name>
         <load_address>0x6e3d</load_address>
         <run_address>0x6e3d</run_address>
         <size>0x119</size>
         <input_file_ref idref="fl-c2"/>
      </object_component>
      <object_component id="oc-132">
         <name>.debug_info</name>
         <load_address>0x6f56</load_address>
         <run_address>0x6f56</run_address>
         <size>0x4b3</size>
         <input_file_ref idref="fl-c4"/>
      </object_component>
      <object_component id="oc-df">
         <name>.debug_info</name>
         <load_address>0x7409</load_address>
         <run_address>0x7409</run_address>
         <size>0x1a6</size>
         <input_file_ref idref="fl-c4"/>
      </object_component>
      <object_component id="oc-159">
         <name>.debug_info</name>
         <load_address>0x75af</load_address>
         <run_address>0x75af</run_address>
         <size>0x39</size>
         <input_file_ref idref="fl-c4"/>
      </object_component>
      <object_component id="oc-16d">
         <name>.debug_info</name>
         <load_address>0x75e8</load_address>
         <run_address>0x75e8</run_address>
         <size>0x39</size>
         <input_file_ref idref="fl-c4"/>
      </object_component>
      <object_component id="oc-15e">
         <name>.debug_info</name>
         <load_address>0x7621</load_address>
         <run_address>0x7621</run_address>
         <size>0x39</size>
         <input_file_ref idref="fl-c4"/>
      </object_component>
      <object_component id="oc-163">
         <name>.debug_info</name>
         <load_address>0x765a</load_address>
         <run_address>0x765a</run_address>
         <size>0xcd</size>
         <input_file_ref idref="fl-c4"/>
      </object_component>
      <object_component id="oc-94">
         <name>.debug_info</name>
         <load_address>0x7727</load_address>
         <run_address>0x7727</run_address>
         <size>0x153</size>
         <input_file_ref idref="fl-c5"/>
      </object_component>
      <object_component id="oc-d6">
         <name>.debug_info</name>
         <load_address>0x787a</load_address>
         <run_address>0x787a</run_address>
         <size>0x122</size>
         <input_file_ref idref="fl-c7"/>
      </object_component>
      <object_component id="oc-1ad">
         <name>.debug_info</name>
         <load_address>0x799c</load_address>
         <run_address>0x799c</run_address>
         <size>0x8d</size>
      </object_component>
      <object_component id="oc-11c">
         <name>.debug_line</name>
         <load_address>0x0</load_address>
         <run_address>0x0</run_address>
         <size>0x20</size>
         <input_file_ref idref="fl-2"/>
      </object_component>
      <object_component id="oc-115">
         <name>.debug_line</name>
         <load_address>0x20</load_address>
         <run_address>0x20</run_address>
         <size>0x2d</size>
         <input_file_ref idref="fl-2"/>
      </object_component>
      <object_component id="oc-72">
         <name>.debug_line</name>
         <load_address>0x4d</load_address>
         <run_address>0x4d</run_address>
         <size>0x162</size>
         <input_file_ref idref="fl-2"/>
      </object_component>
      <object_component id="oc-125">
         <name>.debug_line</name>
         <load_address>0x1af</load_address>
         <run_address>0x1af</run_address>
         <size>0x5b</size>
         <input_file_ref idref="fl-2"/>
      </object_component>
      <object_component id="oc-c0">
         <name>.debug_line</name>
         <load_address>0x20a</load_address>
         <run_address>0x20a</run_address>
         <size>0x6f</size>
         <input_file_ref idref="fl-2"/>
      </object_component>
      <object_component id="oc-120">
         <name>.debug_line</name>
         <load_address>0x279</load_address>
         <run_address>0x279</run_address>
         <size>0x58</size>
         <input_file_ref idref="fl-2"/>
      </object_component>
      <object_component id="oc-b9">
         <name>.debug_line</name>
         <load_address>0x2d1</load_address>
         <run_address>0x2d1</run_address>
         <size>0x20</size>
         <input_file_ref idref="fl-2"/>
      </object_component>
      <object_component id="oc-119">
         <name>.debug_line</name>
         <load_address>0x2f1</load_address>
         <run_address>0x2f1</run_address>
         <size>0x73</size>
         <input_file_ref idref="fl-2"/>
      </object_component>
      <object_component id="oc-b3">
         <name>.debug_line</name>
         <load_address>0x364</load_address>
         <run_address>0x364</run_address>
         <size>0x70</size>
         <input_file_ref idref="fl-2"/>
      </object_component>
      <object_component id="oc-bc">
         <name>.debug_line</name>
         <load_address>0x3d4</load_address>
         <run_address>0x3d4</run_address>
         <size>0x40</size>
         <input_file_ref idref="fl-3"/>
      </object_component>
      <object_component id="oc-74">
         <name>.debug_line</name>
         <load_address>0x414</load_address>
         <run_address>0x414</run_address>
         <size>0x40</size>
         <input_file_ref idref="fl-3"/>
      </object_component>
      <object_component id="oc-68">
         <name>.debug_line</name>
         <load_address>0x454</load_address>
         <run_address>0x454</run_address>
         <size>0x71</size>
         <input_file_ref idref="fl-3"/>
      </object_component>
      <object_component id="oc-35">
         <name>.debug_line</name>
         <load_address>0x4c5</load_address>
         <run_address>0x4c5</run_address>
         <size>0x20</size>
         <input_file_ref idref="fl-3"/>
      </object_component>
      <object_component id="oc-148">
         <name>.debug_line</name>
         <load_address>0x4e5</load_address>
         <run_address>0x4e5</run_address>
         <size>0x3b</size>
         <input_file_ref idref="fl-4"/>
      </object_component>
      <object_component id="oc-a7">
         <name>.debug_line</name>
         <load_address>0x520</load_address>
         <run_address>0x520</run_address>
         <size>0x134</size>
         <input_file_ref idref="fl-4"/>
      </object_component>
      <object_component id="oc-85">
         <name>.debug_line</name>
         <load_address>0x654</load_address>
         <run_address>0x654</run_address>
         <size>0x20</size>
         <input_file_ref idref="fl-bf"/>
      </object_component>
      <object_component id="oc-1f">
         <name>.debug_line</name>
         <load_address>0x674</load_address>
         <run_address>0x674</run_address>
         <size>0x55</size>
         <input_file_ref idref="fl-bf"/>
      </object_component>
      <object_component id="oc-40">
         <name>.debug_line</name>
         <load_address>0x6c9</load_address>
         <run_address>0x6c9</run_address>
         <size>0x3a</size>
         <input_file_ref idref="fl-bf"/>
      </object_component>
      <object_component id="oc-82">
         <name>.debug_line</name>
         <load_address>0x703</load_address>
         <run_address>0x703</run_address>
         <size>0x92</size>
         <input_file_ref idref="fl-bf"/>
      </object_component>
      <object_component id="oc-c8">
         <name>.debug_line</name>
         <load_address>0x795</load_address>
         <run_address>0x795</run_address>
         <size>0x20</size>
         <input_file_ref idref="fl-c0"/>
      </object_component>
      <object_component id="oc-19">
         <name>.debug_line</name>
         <load_address>0x7b5</load_address>
         <run_address>0x7b5</run_address>
         <size>0xa9</size>
         <input_file_ref idref="fl-c0"/>
      </object_component>
      <object_component id="oc-30">
         <name>.debug_line</name>
         <load_address>0x85e</load_address>
         <run_address>0x85e</run_address>
         <size>0x3a</size>
         <input_file_ref idref="fl-c0"/>
      </object_component>
      <object_component id="oc-c5">
         <name>.debug_line</name>
         <load_address>0x898</load_address>
         <run_address>0x898</run_address>
         <size>0x9a</size>
         <input_file_ref idref="fl-c0"/>
      </object_component>
      <object_component id="oc-7b">
         <name>.debug_line</name>
         <load_address>0x932</load_address>
         <run_address>0x932</run_address>
         <size>0x96</size>
         <input_file_ref idref="fl-c0"/>
      </object_component>
      <object_component id="oc-77">
         <name>.debug_line</name>
         <load_address>0x9c8</load_address>
         <run_address>0x9c8</run_address>
         <size>0x33</size>
         <input_file_ref idref="fl-c1"/>
      </object_component>
      <object_component id="oc-59">
         <name>.debug_line</name>
         <load_address>0x9fb</load_address>
         <run_address>0x9fb</run_address>
         <size>0x45</size>
         <input_file_ref idref="fl-c1"/>
      </object_component>
      <object_component id="oc-3b">
         <name>.debug_line</name>
         <load_address>0xa40</load_address>
         <run_address>0xa40</run_address>
         <size>0x88</size>
         <input_file_ref idref="fl-c2"/>
      </object_component>
      <object_component id="oc-158">
         <name>.debug_line</name>
         <load_address>0xac8</load_address>
         <run_address>0xac8</run_address>
         <size>0xbf</size>
         <input_file_ref idref="fl-c4"/>
      </object_component>
      <object_component id="oc-e2">
         <name>.debug_line</name>
         <load_address>0xb87</load_address>
         <run_address>0xb87</run_address>
         <size>0x6f</size>
         <input_file_ref idref="fl-c4"/>
      </object_component>
      <object_component id="oc-15c">
         <name>.debug_line</name>
         <load_address>0xbf6</load_address>
         <run_address>0xbf6</run_address>
         <size>0x2e</size>
         <input_file_ref idref="fl-c4"/>
      </object_component>
      <object_component id="oc-170">
         <name>.debug_line</name>
         <load_address>0xc24</load_address>
         <run_address>0xc24</run_address>
         <size>0x9a</size>
         <input_file_ref idref="fl-c4"/>
      </object_component>
      <object_component id="oc-161">
         <name>.debug_line</name>
         <load_address>0xcbe</load_address>
         <run_address>0xcbe</run_address>
         <size>0x97</size>
         <input_file_ref idref="fl-c4"/>
      </object_component>
      <object_component id="oc-166">
         <name>.debug_line</name>
         <load_address>0xd55</load_address>
         <run_address>0xd55</run_address>
         <size>0x93</size>
         <input_file_ref idref="fl-c4"/>
      </object_component>
      <object_component id="oc-98">
         <name>.debug_line</name>
         <load_address>0xde8</load_address>
         <run_address>0xde8</run_address>
         <size>0x40</size>
         <input_file_ref idref="fl-c5"/>
      </object_component>
      <object_component id="oc-d5">
         <name>.debug_line</name>
         <load_address>0xe28</load_address>
         <run_address>0xe28</run_address>
         <size>0x3c</size>
         <input_file_ref idref="fl-c7"/>
      </object_component>
      <object_component id="oc-6e">
         <name>.debug_frame</name>
         <load_address>0x0</load_address>
         <run_address>0x0</run_address>
         <size>0xcc</size>
         <input_file_ref idref="fl-2"/>
      </object_component>
      <object_component id="oc-6c">
         <name>.debug_frame</name>
         <load_address>0xcc</load_address>
         <run_address>0xcc</run_address>
         <size>0x6c</size>
         <input_file_ref idref="fl-3"/>
      </object_component>
      <object_component id="oc-a6">
         <name>.debug_frame</name>
         <load_address>0x138</load_address>
         <run_address>0x138</run_address>
         <size>0x70</size>
         <input_file_ref idref="fl-4"/>
      </object_component>
      <object_component id="oc-1e">
         <name>.debug_frame</name>
         <load_address>0x1a8</load_address>
         <run_address>0x1a8</run_address>
         <size>0x54</size>
         <input_file_ref idref="fl-bf"/>
      </object_component>
      <object_component id="oc-1a">
         <name>.debug_frame</name>
         <load_address>0x1fc</load_address>
         <run_address>0x1fc</run_address>
         <size>0x60</size>
         <input_file_ref idref="fl-c0"/>
      </object_component>
      <object_component id="oc-5a">
         <name>.debug_frame</name>
         <load_address>0x25c</load_address>
         <run_address>0x25c</run_address>
         <size>0x50</size>
         <input_file_ref idref="fl-c1"/>
      </object_component>
      <object_component id="oc-e3">
         <name>.debug_frame</name>
         <load_address>0x2ac</load_address>
         <run_address>0x2ac</run_address>
         <size>0x5c</size>
         <input_file_ref idref="fl-c4"/>
      </object_component>
      <object_component id="oc-97">
         <name>.debug_frame</name>
         <load_address>0x308</load_address>
         <run_address>0x308</run_address>
         <size>0x54</size>
         <input_file_ref idref="fl-c5"/>
      </object_component>
      <object_component id="oc-d4">
         <name>.debug_frame</name>
         <load_address>0x35c</load_address>
         <run_address>0x35c</run_address>
         <size>0x54</size>
         <input_file_ref idref="fl-c7"/>
      </object_component>
      <object_component id="oc-11b">
         <name>.debug_abbrev</name>
         <load_address>0x0</load_address>
         <run_address>0x0</run_address>
         <size>0x71</size>
         <input_file_ref idref="fl-2"/>
      </object_component>
      <object_component id="oc-114">
         <name>.debug_abbrev</name>
         <load_address>0x71</load_address>
         <run_address>0x71</run_address>
         <size>0x29</size>
         <input_file_ref idref="fl-2"/>
      </object_component>
      <object_component id="oc-af">
         <name>.debug_abbrev</name>
         <load_address>0x9a</load_address>
         <run_address>0x9a</run_address>
         <size>0x85</size>
         <input_file_ref idref="fl-2"/>
      </object_component>
      <object_component id="oc-124">
         <name>.debug_abbrev</name>
         <load_address>0x11f</load_address>
         <run_address>0x11f</run_address>
         <size>0x97</size>
         <input_file_ref idref="fl-2"/>
      </object_component>
      <object_component id="oc-bf">
         <name>.debug_abbrev</name>
         <load_address>0x1b6</load_address>
         <run_address>0x1b6</run_address>
         <size>0x69</size>
         <input_file_ref idref="fl-2"/>
      </object_component>
      <object_component id="oc-11f">
         <name>.debug_abbrev</name>
         <load_address>0x21f</load_address>
         <run_address>0x21f</run_address>
         <size>0xbd</size>
         <input_file_ref idref="fl-2"/>
      </object_component>
      <object_component id="oc-b8">
         <name>.debug_abbrev</name>
         <load_address>0x2dc</load_address>
         <run_address>0x2dc</run_address>
         <size>0x1f</size>
         <input_file_ref idref="fl-2"/>
      </object_component>
      <object_component id="oc-118">
         <name>.debug_abbrev</name>
         <load_address>0x2fb</load_address>
         <run_address>0x2fb</run_address>
         <size>0x5c</size>
         <input_file_ref idref="fl-2"/>
      </object_component>
      <object_component id="oc-b2">
         <name>.debug_abbrev</name>
         <load_address>0x357</load_address>
         <run_address>0x357</run_address>
         <size>0x24</size>
         <input_file_ref idref="fl-2"/>
      </object_component>
      <object_component id="oc-bb">
         <name>.debug_abbrev</name>
         <load_address>0x37b</load_address>
         <run_address>0x37b</run_address>
         <size>0x7c</size>
         <input_file_ref idref="fl-3"/>
      </object_component>
      <object_component id="oc-73">
         <name>.debug_abbrev</name>
         <load_address>0x3f7</load_address>
         <run_address>0x3f7</run_address>
         <size>0x29</size>
         <input_file_ref idref="fl-3"/>
      </object_component>
      <object_component id="oc-ab">
         <name>.debug_abbrev</name>
         <load_address>0x420</load_address>
         <run_address>0x420</run_address>
         <size>0x89</size>
         <input_file_ref idref="fl-3"/>
      </object_component>
      <object_component id="oc-34">
         <name>.debug_abbrev</name>
         <load_address>0x4a9</load_address>
         <run_address>0x4a9</run_address>
         <size>0x1f</size>
         <input_file_ref idref="fl-3"/>
      </object_component>
      <object_component id="oc-147">
         <name>.debug_abbrev</name>
         <load_address>0x4c8</load_address>
         <run_address>0x4c8</run_address>
         <size>0x29</size>
         <input_file_ref idref="fl-4"/>
      </object_component>
      <object_component id="oc-113">
         <name>.debug_abbrev</name>
         <load_address>0x4f1</load_address>
         <run_address>0x4f1</run_address>
         <size>0x8b</size>
         <input_file_ref idref="fl-4"/>
      </object_component>
      <object_component id="oc-84">
         <name>.debug_abbrev</name>
         <load_address>0x57c</load_address>
         <run_address>0x57c</run_address>
         <size>0x37</size>
         <input_file_ref idref="fl-bf"/>
      </object_component>
      <object_component id="oc-3c">
         <name>.debug_abbrev</name>
         <load_address>0x5b3</load_address>
         <run_address>0x5b3</run_address>
         <size>0x74</size>
         <input_file_ref idref="fl-bf"/>
      </object_component>
      <object_component id="oc-3f">
         <name>.debug_abbrev</name>
         <load_address>0x627</load_address>
         <run_address>0x627</run_address>
         <size>0x24</size>
         <input_file_ref idref="fl-bf"/>
      </object_component>
      <object_component id="oc-81">
         <name>.debug_abbrev</name>
         <load_address>0x64b</load_address>
         <run_address>0x64b</run_address>
         <size>0x24</size>
         <input_file_ref idref="fl-bf"/>
      </object_component>
      <object_component id="oc-c7">
         <name>.debug_abbrev</name>
         <load_address>0x66f</load_address>
         <run_address>0x66f</run_address>
         <size>0x37</size>
         <input_file_ref idref="fl-c0"/>
      </object_component>
      <object_component id="oc-2c">
         <name>.debug_abbrev</name>
         <load_address>0x6a6</load_address>
         <run_address>0x6a6</run_address>
         <size>0x6f</size>
         <input_file_ref idref="fl-c0"/>
      </object_component>
      <object_component id="oc-2f">
         <name>.debug_abbrev</name>
         <load_address>0x715</load_address>
         <run_address>0x715</run_address>
         <size>0x24</size>
         <input_file_ref idref="fl-c0"/>
      </object_component>
      <object_component id="oc-c4">
         <name>.debug_abbrev</name>
         <load_address>0x739</load_address>
         <run_address>0x739</run_address>
         <size>0x35</size>
         <input_file_ref idref="fl-c0"/>
      </object_component>
      <object_component id="oc-7a">
         <name>.debug_abbrev</name>
         <load_address>0x76e</load_address>
         <run_address>0x76e</run_address>
         <size>0x24</size>
         <input_file_ref idref="fl-c0"/>
      </object_component>
      <object_component id="oc-76">
         <name>.debug_abbrev</name>
         <load_address>0x792</load_address>
         <run_address>0x792</run_address>
         <size>0x29</size>
         <input_file_ref idref="fl-c1"/>
      </object_component>
      <object_component id="oc-9c">
         <name>.debug_abbrev</name>
         <load_address>0x7bb</load_address>
         <run_address>0x7bb</run_address>
         <size>0x55</size>
         <input_file_ref idref="fl-c1"/>
      </object_component>
      <object_component id="oc-7e">
         <name>.debug_abbrev</name>
         <load_address>0x810</load_address>
         <run_address>0x810</run_address>
         <size>0x3e</size>
         <input_file_ref idref="fl-c2"/>
      </object_component>
      <object_component id="oc-157">
         <name>.debug_abbrev</name>
         <load_address>0x84e</load_address>
         <run_address>0x84e</run_address>
         <size>0xc0</size>
         <input_file_ref idref="fl-c4"/>
      </object_component>
      <object_component id="oc-131">
         <name>.debug_abbrev</name>
         <load_address>0x90e</load_address>
         <run_address>0x90e</run_address>
         <size>0x7e</size>
         <input_file_ref idref="fl-c4"/>
      </object_component>
      <object_component id="oc-15b">
         <name>.debug_abbrev</name>
         <load_address>0x98c</load_address>
         <run_address>0x98c</run_address>
         <size>0x24</size>
         <input_file_ref idref="fl-c4"/>
      </object_component>
      <object_component id="oc-16f">
         <name>.debug_abbrev</name>
         <load_address>0x9b0</load_address>
         <run_address>0x9b0</run_address>
         <size>0x24</size>
         <input_file_ref idref="fl-c4"/>
      </object_component>
      <object_component id="oc-160">
         <name>.debug_abbrev</name>
         <load_address>0x9d4</load_address>
         <run_address>0x9d4</run_address>
         <size>0x24</size>
         <input_file_ref idref="fl-c4"/>
      </object_component>
      <object_component id="oc-165">
         <name>.debug_abbrev</name>
         <load_address>0x9f8</load_address>
         <run_address>0x9f8</run_address>
         <size>0x4b</size>
         <input_file_ref idref="fl-c4"/>
      </object_component>
      <object_component id="oc-d1">
         <name>.debug_abbrev</name>
         <load_address>0xa43</load_address>
         <run_address>0xa43</run_address>
         <size>0x55</size>
         <input_file_ref idref="fl-c5"/>
      </object_component>
      <object_component id="oc-127">
         <name>.debug_abbrev</name>
         <load_address>0xa98</load_address>
         <run_address>0xa98</run_address>
         <size>0x45</size>
         <input_file_ref idref="fl-c7"/>
      </object_component>
      <object_component id="oc-1ae">
         <name>.debug_abbrev</name>
         <load_address>0xadd</load_address>
         <run_address>0xadd</run_address>
         <size>0xf</size>
      </object_component>
      <object_component id="oc-126">
         <name>.debug_str</name>
         <load_address>0x0</load_address>
         <run_address>0x0</run_address>
         <size>0x473</size>
         <input_file_ref idref="fl-2"/>
      </object_component>
      <object_component id="oc-c1">
         <name>.debug_str</name>
         <load_address>0x473</load_address>
         <run_address>0x473</run_address>
         <size>0x29e</size>
         <input_file_ref idref="fl-2"/>
      </object_component>
      <object_component id="oc-121">
         <name>.debug_str</name>
         <load_address>0x711</load_address>
         <run_address>0x711</run_address>
         <size>0x15b7</size>
         <input_file_ref idref="fl-2"/>
      </object_component>
      <object_component id="oc-ba">
         <name>.debug_str</name>
         <load_address>0x1cc8</load_address>
         <run_address>0x1cc8</run_address>
         <size>0xfd</size>
         <input_file_ref idref="fl-2"/>
      </object_component>
      <object_component id="oc-11a">
         <name>.debug_str</name>
         <load_address>0x1dc5</load_address>
         <run_address>0x1dc5</run_address>
         <size>0x334</size>
         <input_file_ref idref="fl-2"/>
      </object_component>
      <object_component id="oc-b4">
         <name>.debug_str</name>
         <load_address>0x20f9</load_address>
         <run_address>0x20f9</run_address>
         <size>0x136</size>
         <input_file_ref idref="fl-2"/>
      </object_component>
      <object_component id="oc-36">
         <name>.debug_str</name>
         <load_address>0x222f</load_address>
         <run_address>0x222f</run_address>
         <size>0xfd</size>
         <input_file_ref idref="fl-3"/>
      </object_component>
      <object_component id="oc-41">
         <name>.debug_str</name>
         <load_address>0x232c</load_address>
         <run_address>0x232c</run_address>
         <size>0x10b</size>
         <input_file_ref idref="fl-bf"/>
      </object_component>
      <object_component id="oc-83">
         <name>.debug_str</name>
         <load_address>0x2437</load_address>
         <run_address>0x2437</run_address>
         <size>0x140</size>
         <input_file_ref idref="fl-bf"/>
      </object_component>
      <object_component id="oc-31">
         <name>.debug_str</name>
         <load_address>0x2577</load_address>
         <run_address>0x2577</run_address>
         <size>0x118</size>
         <input_file_ref idref="fl-c0"/>
      </object_component>
      <object_component id="oc-c6">
         <name>.debug_str</name>
         <load_address>0x268f</load_address>
         <run_address>0x268f</run_address>
         <size>0x16b</size>
         <input_file_ref idref="fl-c0"/>
      </object_component>
      <object_component id="oc-7c">
         <name>.debug_str</name>
         <load_address>0x27fa</load_address>
         <run_address>0x27fa</run_address>
         <size>0x158</size>
         <input_file_ref idref="fl-c0"/>
      </object_component>
      <object_component id="oc-15d">
         <name>.debug_str</name>
         <load_address>0x2952</load_address>
         <run_address>0x2952</run_address>
         <size>0xed</size>
         <input_file_ref idref="fl-c4"/>
      </object_component>
      <object_component id="oc-171">
         <name>.debug_str</name>
         <load_address>0x2a3f</load_address>
         <run_address>0x2a3f</run_address>
         <size>0x157</size>
         <input_file_ref idref="fl-c4"/>
      </object_component>
      <object_component id="oc-162">
         <name>.debug_str</name>
         <load_address>0x2b96</load_address>
         <run_address>0x2b96</run_address>
         <size>0x150</size>
         <input_file_ref idref="fl-c4"/>
      </object_component>
      <object_component id="oc-167">
         <name>.debug_str</name>
         <load_address>0x2ce6</load_address>
         <run_address>0x2ce6</run_address>
         <size>0x197</size>
         <input_file_ref idref="fl-c4"/>
      </object_component>
      <object_component id="oc-71">
         <name>.debug_aranges</name>
         <load_address>0x0</load_address>
         <run_address>0x0</run_address>
         <size>0x48</size>
         <input_file_ref idref="fl-2"/>
      </object_component>
      <object_component id="oc-6b">
         <name>.debug_aranges</name>
         <load_address>0x48</load_address>
         <run_address>0x48</run_address>
         <size>0x28</size>
         <input_file_ref idref="fl-3"/>
      </object_component>
      <object_component id="oc-a9">
         <name>.debug_aranges</name>
         <load_address>0x70</load_address>
         <run_address>0x70</run_address>
         <size>0x28</size>
         <input_file_ref idref="fl-4"/>
      </object_component>
      <object_component id="oc-21">
         <name>.debug_aranges</name>
         <load_address>0x98</load_address>
         <run_address>0x98</run_address>
         <size>0x20</size>
         <input_file_ref idref="fl-bf"/>
      </object_component>
      <object_component id="oc-18">
         <name>.debug_aranges</name>
         <load_address>0xb8</load_address>
         <run_address>0xb8</run_address>
         <size>0x20</size>
         <input_file_ref idref="fl-c0"/>
      </object_component>
      <object_component id="oc-57">
         <name>.debug_aranges</name>
         <load_address>0xd8</load_address>
         <run_address>0xd8</run_address>
         <size>0x20</size>
         <input_file_ref idref="fl-c1"/>
      </object_component>
      <object_component id="oc-3a">
         <name>.debug_aranges</name>
         <load_address>0xf8</load_address>
         <run_address>0xf8</run_address>
         <size>0x20</size>
         <input_file_ref idref="fl-c2"/>
      </object_component>
      <object_component id="oc-e1">
         <name>.debug_aranges</name>
         <load_address>0x118</load_address>
         <run_address>0x118</run_address>
         <size>0x20</size>
         <input_file_ref idref="fl-c4"/>
      </object_component>
      <object_component id="oc-96">
         <name>.debug_aranges</name>
         <load_address>0x138</load_address>
         <run_address>0x138</run_address>
         <size>0x20</size>
         <input_file_ref idref="fl-c5"/>
      </object_component>
      <object_component id="oc-d3">
         <name>.debug_aranges</name>
         <load_address>0x158</load_address>
         <run_address>0x158</run_address>
         <size>0x20</size>
         <input_file_ref idref="fl-c7"/>
      </object_component>
      <object_component id="oc-ae">
         <name>.debug_pubnames</name>
         <load_address>0x0</load_address>
         <run_address>0x0</run_address>
         <size>0x1d</size>
         <input_file_ref idref="fl-2"/>
      </object_component>
      <object_component id="oc-70">
         <name>.debug_pubnames</name>
         <load_address>0x1d</load_address>
         <run_address>0x1d</run_address>
         <size>0x78</size>
         <input_file_ref idref="fl-2"/>
      </object_component>
      <object_component id="oc-28">
         <name>.debug_pubnames</name>
         <load_address>0x95</load_address>
         <run_address>0x95</run_address>
         <size>0x27</size>
         <input_file_ref idref="fl-3"/>
      </object_component>
      <object_component id="oc-6a">
         <name>.debug_pubnames</name>
         <load_address>0xbc</load_address>
         <run_address>0xbc</run_address>
         <size>0x38</size>
         <input_file_ref idref="fl-3"/>
      </object_component>
      <object_component id="oc-112">
         <name>.debug_pubnames</name>
         <load_address>0xf4</load_address>
         <run_address>0xf4</run_address>
         <size>0x26</size>
         <input_file_ref idref="fl-4"/>
      </object_component>
      <object_component id="oc-aa">
         <name>.debug_pubnames</name>
         <load_address>0x11a</load_address>
         <run_address>0x11a</run_address>
         <size>0x3b</size>
         <input_file_ref idref="fl-4"/>
      </object_component>
      <object_component id="oc-22">
         <name>.debug_pubnames</name>
         <load_address>0x155</load_address>
         <run_address>0x155</run_address>
         <size>0x2b</size>
         <input_file_ref idref="fl-bf"/>
      </object_component>
      <object_component id="oc-1c">
         <name>.debug_pubnames</name>
         <load_address>0x180</load_address>
         <run_address>0x180</run_address>
         <size>0x2b</size>
         <input_file_ref idref="fl-c0"/>
      </object_component>
      <object_component id="oc-2b">
         <name>.debug_pubnames</name>
         <load_address>0x1ab</load_address>
         <run_address>0x1ab</run_address>
         <size>0x1e</size>
         <input_file_ref idref="fl-c1"/>
      </object_component>
      <object_component id="oc-58">
         <name>.debug_pubnames</name>
         <load_address>0x1c9</load_address>
         <run_address>0x1c9</run_address>
         <size>0x26</size>
         <input_file_ref idref="fl-c1"/>
      </object_component>
      <object_component id="oc-39">
         <name>.debug_pubnames</name>
         <load_address>0x1ef</load_address>
         <run_address>0x1ef</run_address>
         <size>0x1d</size>
         <input_file_ref idref="fl-c2"/>
      </object_component>
      <object_component id="oc-e0">
         <name>.debug_pubnames</name>
         <load_address>0x20c</load_address>
         <run_address>0x20c</run_address>
         <size>0x35</size>
         <input_file_ref idref="fl-c4"/>
      </object_component>
      <object_component id="oc-95">
         <name>.debug_pubnames</name>
         <load_address>0x241</load_address>
         <run_address>0x241</run_address>
         <size>0x27</size>
         <input_file_ref idref="fl-c5"/>
      </object_component>
      <object_component id="oc-d7">
         <name>.debug_pubnames</name>
         <load_address>0x268</load_address>
         <run_address>0x268</run_address>
         <size>0x1c</size>
         <input_file_ref idref="fl-c7"/>
      </object_component>
      <object_component id="oc-123">
         <name>.debug_pubtypes</name>
         <load_address>0x0</load_address>
         <run_address>0x0</run_address>
         <size>0xdd</size>
         <input_file_ref idref="fl-2"/>
      </object_component>
      <object_component id="oc-be">
         <name>.debug_pubtypes</name>
         <load_address>0xdd</load_address>
         <run_address>0xdd</run_address>
         <size>0x25c</size>
         <input_file_ref idref="fl-2"/>
      </object_component>
      <object_component id="oc-11e">
         <name>.debug_pubtypes</name>
         <load_address>0x339</load_address>
         <run_address>0x339</run_address>
         <size>0x2ce</size>
         <input_file_ref idref="fl-2"/>
      </object_component>
      <object_component id="oc-b7">
         <name>.debug_pubtypes</name>
         <load_address>0x607</load_address>
         <run_address>0x607</run_address>
         <size>0xff</size>
         <input_file_ref idref="fl-2"/>
      </object_component>
      <object_component id="oc-117">
         <name>.debug_pubtypes</name>
         <load_address>0x706</load_address>
         <run_address>0x706</run_address>
         <size>0x330</size>
         <input_file_ref idref="fl-2"/>
      </object_component>
      <object_component id="oc-b1">
         <name>.debug_pubtypes</name>
         <load_address>0xa36</load_address>
         <run_address>0xa36</run_address>
         <size>0xaa</size>
         <input_file_ref idref="fl-2"/>
      </object_component>
      <object_component id="oc-33">
         <name>.debug_pubtypes</name>
         <load_address>0xae0</load_address>
         <run_address>0xae0</run_address>
         <size>0xed</size>
         <input_file_ref idref="fl-3"/>
      </object_component>
      <object_component id="oc-3e">
         <name>.debug_pubtypes</name>
         <load_address>0xbcd</load_address>
         <run_address>0xbcd</run_address>
         <size>0x48</size>
         <input_file_ref idref="fl-bf"/>
      </object_component>
      <object_component id="oc-80">
         <name>.debug_pubtypes</name>
         <load_address>0xc15</load_address>
         <run_address>0xc15</run_address>
         <size>0x1d</size>
         <input_file_ref idref="fl-bf"/>
      </object_component>
      <object_component id="oc-2e">
         <name>.debug_pubtypes</name>
         <load_address>0xc32</load_address>
         <run_address>0xc32</run_address>
         <size>0x5d</size>
         <input_file_ref idref="fl-c0"/>
      </object_component>
      <object_component id="oc-c3">
         <name>.debug_pubtypes</name>
         <load_address>0xc8f</load_address>
         <run_address>0xc8f</run_address>
         <size>0x48</size>
         <input_file_ref idref="fl-c0"/>
      </object_component>
      <object_component id="oc-79">
         <name>.debug_pubtypes</name>
         <load_address>0xcd7</load_address>
         <run_address>0xcd7</run_address>
         <size>0x35</size>
         <input_file_ref idref="fl-c0"/>
      </object_component>
      <object_component id="oc-15a">
         <name>.debug_pubtypes</name>
         <load_address>0xd0c</load_address>
         <run_address>0xd0c</run_address>
         <size>0x32</size>
         <input_file_ref idref="fl-c4"/>
      </object_component>
      <object_component id="oc-16e">
         <name>.debug_pubtypes</name>
         <load_address>0xd3e</load_address>
         <run_address>0xd3e</run_address>
         <size>0x30</size>
         <input_file_ref idref="fl-c4"/>
      </object_component>
      <object_component id="oc-15f">
         <name>.debug_pubtypes</name>
         <load_address>0xd6e</load_address>
         <run_address>0xd6e</run_address>
         <size>0x2c</size>
         <input_file_ref idref="fl-c4"/>
      </object_component>
      <object_component id="oc-164">
         <name>.debug_pubtypes</name>
         <load_address>0xd9a</load_address>
         <run_address>0xd9a</run_address>
         <size>0x50</size>
         <input_file_ref idref="fl-c4"/>
      </object_component>
   </object_component_list>
   <logical_group_list>
      <logical_group id="lg-3" display="no" color="cyan">
         <name>.intvecs</name>
         <load_address>0x0</load_address>
         <run_address>0x0</run_address>
         <size>0xe4</size>
         <contents>
            <object_component_ref idref="oc-26"/>
         </contents>
      </logical_group>
      <logical_group id="lg-4" display="no" color="cyan">
         <name>.text</name>
         <load_address>0xe4</load_address>
         <run_address>0xe4</run_address>
         <size>0x708</size>
         <contents>
            <object_component_ref idref="oc-a5"/>
            <object_component_ref idref="oc-6d"/>
            <object_component_ref idref="oc-37"/>
            <object_component_ref idref="oc-17"/>
            <object_component_ref idref="oc-de"/>
            <object_component_ref idref="oc-55"/>
            <object_component_ref idref="oc-1d"/>
            <object_component_ref idref="oc-67"/>
            <object_component_ref idref="oc-93"/>
            <object_component_ref idref="oc-d2"/>
         </contents>
      </logical_group>
      <logical_group id="lg-5" display="no" color="cyan">
         <name>.const</name>
         <run_address>0x0</run_address>
         <size>0x0</size>
         <contents>
         </contents>
      </logical_group>
      <logical_group id="lg-6" display="no" color="cyan">
         <name>.cinit</name>
         <load_address>0x7f0</load_address>
         <run_address>0x7f0</run_address>
         <size>0x1c</size>
         <contents>
            <object_component_ref idref="oc-1aa"/>
            <object_component_ref idref="oc-1a8"/>
            <object_component_ref idref="oc-1a9"/>
         </contents>
      </logical_group>
      <logical_group id="lg-7" display="no" color="cyan">
         <name>.pinit</name>
         <run_address>0x0</run_address>
         <size>0x0</size>
         <contents>
         </contents>
      </logical_group>
      <logical_group id="lg-8" display="no" color="cyan">
         <name>.init_array</name>
         <run_address>0x0</run_address>
         <size>0x0</size>
         <contents>
         </contents>
      </logical_group>
      <logical_group id="lg-9" display="no" color="cyan">
         <name>.binit</name>
         <load_address>0x0</load_address>
         <run_address>0x0</run_address>
         <size>0x0</size>
         <contents>
            <object_component_ref idref="oc-17c"/>
         </contents>
      </logical_group>
      <logical_group id="lg-a" display="no" color="cyan">
         <name>.flashMailbox</name>
         <run_address>0x0</run_address>
         <size>0x0</size>
         <contents>
         </contents>
      </logical_group>
      <logical_group id="lg-b" display="no" color="cyan">
         <name>.tlvTable</name>
         <run_address>0x0</run_address>
         <size>0x0</size>
         <contents>
         </contents>
      </logical_group>
      <logical_group id="lg-c" display="no" color="cyan">
         <name>.bslArea</name>
         <run_address>0x0</run_address>
         <size>0x0</size>
         <contents>
         </contents>
      </logical_group>
      <logical_group id="lg-d" display="no" color="cyan">
         <name>.vtable</name>
         <run_address>0x0</run_address>
         <size>0x0</size>
         <contents>
         </contents>
      </logical_group>
      <logical_group id="lg-e" display="no" color="cyan">
         <name>.data</name>
         <run_address>0x20000000</run_address>
         <size>0x6</size>
         <contents>
            <object_component_ref idref="oc-ac"/>
            <object_component_ref idref="oc-110"/>
         </contents>
      </logical_group>
      <logical_group id="lg-f" display="no" color="cyan">
         <name>.bss</name>
         <run_address>0x0</run_address>
         <size>0x0</size>
         <contents>
         </contents>
      </logical_group>
      <logical_group id="lg-10" display="no" color="cyan">
         <name>.sysmem</name>
         <run_address>0x0</run_address>
         <size>0x0</size>
         <contents>
         </contents>
      </logical_group>
      <logical_group id="lg-11" display="no" color="cyan">
         <name>.stack</name>
         <run_address>0x2000fe00</run_address>
         <size>0x200</size>
         <contents>
            <object_component_ref idref="oc-29"/>
            <object_component_ref idref="oc-1ac"/>
         </contents>
      </logical_group>
      <logical_group id="lg-12" display="no" color="cyan">
         <name>.TI.ramfunc</name>
         <run_address>0x0</run_address>
         <size>0x0</size>
         <contents>
         </contents>
      </logical_group>
      <logical_group id="lg-179" display="no" color="cyan">
         <name>.TI.noinit</name>
         <run_address>0x0</run_address>
         <size>0x0</size>
         <contents>
         </contents>
      </logical_group>
      <logical_group id="lg-17a" display="no" color="cyan">
         <name>.TI.persistent</name>
         <run_address>0x0</run_address>
         <size>0x0</size>
         <contents>
         </contents>
      </logical_group>
      <logical_group id="lg-17b" display="no" color="cyan">
         <name>__llvm_prf_cnts</name>
         <run_address>0x20000000</run_address>
         <size>0x0</size>
         <contents>
         </contents>
      </logical_group>
      <logical_group id="lg-190" display="never" color="cyan">
         <name>.debug_info</name>
         <load_address>0x0</load_address>
         <run_address>0x0</run_address>
         <size>0x7a29</size>
         <contents>
            <object_component_ref idref="oc-b5"/>
            <object_component_ref idref="oc-ad"/>
            <object_component_ref idref="oc-6f"/>
            <object_component_ref idref="oc-122"/>
            <object_component_ref idref="oc-bd"/>
            <object_component_ref idref="oc-11d"/>
            <object_component_ref idref="oc-b6"/>
            <object_component_ref idref="oc-116"/>
            <object_component_ref idref="oc-b0"/>
            <object_component_ref idref="oc-75"/>
            <object_component_ref idref="oc-27"/>
            <object_component_ref idref="oc-69"/>
            <object_component_ref idref="oc-32"/>
            <object_component_ref idref="oc-111"/>
            <object_component_ref idref="oc-a8"/>
            <object_component_ref idref="oc-42"/>
            <object_component_ref idref="oc-20"/>
            <object_component_ref idref="oc-3d"/>
            <object_component_ref idref="oc-7f"/>
            <object_component_ref idref="oc-7d"/>
            <object_component_ref idref="oc-1b"/>
            <object_component_ref idref="oc-2d"/>
            <object_component_ref idref="oc-c2"/>
            <object_component_ref idref="oc-78"/>
            <object_component_ref idref="oc-2a"/>
            <object_component_ref idref="oc-56"/>
            <object_component_ref idref="oc-38"/>
            <object_component_ref idref="oc-132"/>
            <object_component_ref idref="oc-df"/>
            <object_component_ref idref="oc-159"/>
            <object_component_ref idref="oc-16d"/>
            <object_component_ref idref="oc-15e"/>
            <object_component_ref idref="oc-163"/>
            <object_component_ref idref="oc-94"/>
            <object_component_ref idref="oc-d6"/>
            <object_component_ref idref="oc-1ad"/>
         </contents>
      </logical_group>
      <logical_group id="lg-192" display="never" color="cyan">
         <name>.debug_line</name>
         <load_address>0x0</load_address>
         <run_address>0x0</run_address>
         <size>0xe64</size>
         <contents>
            <object_component_ref idref="oc-11c"/>
            <object_component_ref idref="oc-115"/>
            <object_component_ref idref="oc-72"/>
            <object_component_ref idref="oc-125"/>
            <object_component_ref idref="oc-c0"/>
            <object_component_ref idref="oc-120"/>
            <object_component_ref idref="oc-b9"/>
            <object_component_ref idref="oc-119"/>
            <object_component_ref idref="oc-b3"/>
            <object_component_ref idref="oc-bc"/>
            <object_component_ref idref="oc-74"/>
            <object_component_ref idref="oc-68"/>
            <object_component_ref idref="oc-35"/>
            <object_component_ref idref="oc-148"/>
            <object_component_ref idref="oc-a7"/>
            <object_component_ref idref="oc-85"/>
            <object_component_ref idref="oc-1f"/>
            <object_component_ref idref="oc-40"/>
            <object_component_ref idref="oc-82"/>
            <object_component_ref idref="oc-c8"/>
            <object_component_ref idref="oc-19"/>
            <object_component_ref idref="oc-30"/>
            <object_component_ref idref="oc-c5"/>
            <object_component_ref idref="oc-7b"/>
            <object_component_ref idref="oc-77"/>
            <object_component_ref idref="oc-59"/>
            <object_component_ref idref="oc-3b"/>
            <object_component_ref idref="oc-158"/>
            <object_component_ref idref="oc-e2"/>
            <object_component_ref idref="oc-15c"/>
            <object_component_ref idref="oc-170"/>
            <object_component_ref idref="oc-161"/>
            <object_component_ref idref="oc-166"/>
            <object_component_ref idref="oc-98"/>
            <object_component_ref idref="oc-d5"/>
         </contents>
      </logical_group>
      <logical_group id="lg-194" display="never" color="cyan">
         <name>.debug_frame</name>
         <load_address>0x0</load_address>
         <run_address>0x0</run_address>
         <size>0x3b0</size>
         <contents>
            <object_component_ref idref="oc-6e"/>
            <object_component_ref idref="oc-6c"/>
            <object_component_ref idref="oc-a6"/>
            <object_component_ref idref="oc-1e"/>
            <object_component_ref idref="oc-1a"/>
            <object_component_ref idref="oc-5a"/>
            <object_component_ref idref="oc-e3"/>
            <object_component_ref idref="oc-97"/>
            <object_component_ref idref="oc-d4"/>
         </contents>
      </logical_group>
      <logical_group id="lg-196" display="never" color="cyan">
         <name>.debug_abbrev</name>
         <load_address>0x0</load_address>
         <run_address>0x0</run_address>
         <size>0xaec</size>
         <contents>
            <object_component_ref idref="oc-11b"/>
            <object_component_ref idref="oc-114"/>
            <object_component_ref idref="oc-af"/>
            <object_component_ref idref="oc-124"/>
            <object_component_ref idref="oc-bf"/>
            <object_component_ref idref="oc-11f"/>
            <object_component_ref idref="oc-b8"/>
            <object_component_ref idref="oc-118"/>
            <object_component_ref idref="oc-b2"/>
            <object_component_ref idref="oc-bb"/>
            <object_component_ref idref="oc-73"/>
            <object_component_ref idref="oc-ab"/>
            <object_component_ref idref="oc-34"/>
            <object_component_ref idref="oc-147"/>
            <object_component_ref idref="oc-113"/>
            <object_component_ref idref="oc-84"/>
            <object_component_ref idref="oc-3c"/>
            <object_component_ref idref="oc-3f"/>
            <object_component_ref idref="oc-81"/>
            <object_component_ref idref="oc-c7"/>
            <object_component_ref idref="oc-2c"/>
            <object_component_ref idref="oc-2f"/>
            <object_component_ref idref="oc-c4"/>
            <object_component_ref idref="oc-7a"/>
            <object_component_ref idref="oc-76"/>
            <object_component_ref idref="oc-9c"/>
            <object_component_ref idref="oc-7e"/>
            <object_component_ref idref="oc-157"/>
            <object_component_ref idref="oc-131"/>
            <object_component_ref idref="oc-15b"/>
            <object_component_ref idref="oc-16f"/>
            <object_component_ref idref="oc-160"/>
            <object_component_ref idref="oc-165"/>
            <object_component_ref idref="oc-d1"/>
            <object_component_ref idref="oc-127"/>
            <object_component_ref idref="oc-1ae"/>
         </contents>
      </logical_group>
      <logical_group id="lg-198" display="never" color="cyan">
         <name>.debug_str</name>
         <load_address>0x0</load_address>
         <run_address>0x0</run_address>
         <size>0x2e7d</size>
         <contents>
            <object_component_ref idref="oc-126"/>
            <object_component_ref idref="oc-c1"/>
            <object_component_ref idref="oc-121"/>
            <object_component_ref idref="oc-ba"/>
            <object_component_ref idref="oc-11a"/>
            <object_component_ref idref="oc-b4"/>
            <object_component_ref idref="oc-36"/>
            <object_component_ref idref="oc-41"/>
            <object_component_ref idref="oc-83"/>
            <object_component_ref idref="oc-31"/>
            <object_component_ref idref="oc-c6"/>
            <object_component_ref idref="oc-7c"/>
            <object_component_ref idref="oc-15d"/>
            <object_component_ref idref="oc-171"/>
            <object_component_ref idref="oc-162"/>
            <object_component_ref idref="oc-167"/>
         </contents>
      </logical_group>
      <logical_group id="lg-19a" display="never" color="cyan">
         <name>.debug_aranges</name>
         <load_address>0x0</load_address>
         <run_address>0x0</run_address>
         <size>0x178</size>
         <contents>
            <object_component_ref idref="oc-71"/>
            <object_component_ref idref="oc-6b"/>
            <object_component_ref idref="oc-a9"/>
            <object_component_ref idref="oc-21"/>
            <object_component_ref idref="oc-18"/>
            <object_component_ref idref="oc-57"/>
            <object_component_ref idref="oc-3a"/>
            <object_component_ref idref="oc-e1"/>
            <object_component_ref idref="oc-96"/>
            <object_component_ref idref="oc-d3"/>
         </contents>
      </logical_group>
      <logical_group id="lg-19c" display="never" color="cyan">
         <name>.debug_pubnames</name>
         <load_address>0x0</load_address>
         <run_address>0x0</run_address>
         <size>0x284</size>
         <contents>
            <object_component_ref idref="oc-ae"/>
            <object_component_ref idref="oc-70"/>
            <object_component_ref idref="oc-28"/>
            <object_component_ref idref="oc-6a"/>
            <object_component_ref idref="oc-112"/>
            <object_component_ref idref="oc-aa"/>
            <object_component_ref idref="oc-22"/>
            <object_component_ref idref="oc-1c"/>
            <object_component_ref idref="oc-2b"/>
            <object_component_ref idref="oc-58"/>
            <object_component_ref idref="oc-39"/>
            <object_component_ref idref="oc-e0"/>
            <object_component_ref idref="oc-95"/>
            <object_component_ref idref="oc-d7"/>
         </contents>
      </logical_group>
      <logical_group id="lg-19e" display="never" color="cyan">
         <name>.debug_pubtypes</name>
         <load_address>0x0</load_address>
         <run_address>0x0</run_address>
         <size>0xdea</size>
         <contents>
            <object_component_ref idref="oc-123"/>
            <object_component_ref idref="oc-be"/>
            <object_component_ref idref="oc-11e"/>
            <object_component_ref idref="oc-b7"/>
            <object_component_ref idref="oc-117"/>
            <object_component_ref idref="oc-b1"/>
            <object_component_ref idref="oc-33"/>
            <object_component_ref idref="oc-3e"/>
            <object_component_ref idref="oc-80"/>
            <object_component_ref idref="oc-2e"/>
            <object_component_ref idref="oc-c3"/>
            <object_component_ref idref="oc-79"/>
            <object_component_ref idref="oc-15a"/>
            <object_component_ref idref="oc-16e"/>
            <object_component_ref idref="oc-15f"/>
            <object_component_ref idref="oc-164"/>
         </contents>
      </logical_group>
      <logical_group id="lg-1ab" display="no" color="cyan">
         <name>Veneer$$CMSE</name>
         <run_address>0x0</run_address>
         <size>0x0</size>
         <contents>
         </contents>
      </logical_group>
      <load_segment id="lg-1b0" display="no" color="cyan">
         <name>SEGMENT_0</name>
         <load_address>0x0</load_address>
         <run_address>0x0</run_address>
         <size>0x80c</size>
         <flags>0x5</flags>
         <contents>
            <logical_group_ref idref="lg-3"/>
            <logical_group_ref idref="lg-4"/>
            <logical_group_ref idref="lg-6"/>
         </contents>
      </load_segment>
      <load_segment id="lg-1b1" display="no" color="cyan">
         <name>SEGMENT_1</name>
         <run_address>0x20000000</run_address>
         <size>0x6</size>
         <flags>0x6</flags>
         <contents>
            <logical_group_ref idref="lg-e"/>
         </contents>
      </load_segment>
      <load_segment id="lg-1b2" display="no" color="cyan">
         <name>SEGMENT_2</name>
         <run_address>0x2000fe00</run_address>
         <size>0x200</size>
         <flags>0x6</flags>
         <contents>
            <logical_group_ref idref="lg-11"/>
         </contents>
      </load_segment>
   </logical_group_list>
   <placement_map>
      <memory_area display="yes" color="green">
         <name>MAIN</name>
         <page_id>0x0</page_id>
         <origin>0x0</origin>
         <length>0x40000</length>
         <used_space>0x808</used_space>
         <unused_space>0x3f7f8</unused_space>
         <attributes>RX</attributes>
         <usage_details>
            <allocated_space>
               <start_address>0x0</start_address>
               <size>0x0</size>
               <logical_group_ref idref="lg-9"/>
            </allocated_space>
            <allocated_space>
               <start_address>0x0</start_address>
               <size>0xe4</size>
               <logical_group_ref idref="lg-3"/>
            </allocated_space>
            <allocated_space>
               <start_address>0xe4</start_address>
               <size>0x708</size>
               <logical_group_ref idref="lg-4"/>
            </allocated_space>
            <available_space>
               <start_address>0x7ec</start_address>
               <size>0x4</size>
            </available_space>
            <allocated_space>
               <start_address>0x7f0</start_address>
               <size>0x1c</size>
               <logical_group_ref idref="lg-6"/>
            </allocated_space>
            <available_space>
               <start_address>0x80c</start_address>
               <size>0x3f7f4</size>
            </available_space>
         </usage_details>
      </memory_area>
      <memory_area display="yes" color="green">
         <name>INFO</name>
         <page_id>0x0</page_id>
         <origin>0x200000</origin>
         <length>0x4000</length>
         <used_space>0x0</used_space>
         <unused_space>0x4000</unused_space>
         <attributes>RX</attributes>
         <usage_details>
         </usage_details>
      </memory_area>
      <memory_area display="yes" color="green">
         <name>SRAM_CODE</name>
         <page_id>0x0</page_id>
         <origin>0x1000000</origin>
         <length>0x10000</length>
         <used_space>0x206</used_space>
         <unused_space>0xfdfa</unused_space>
         <attributes>RWX</attributes>
         <usage_details>
            <allocated_space>
               <start_address>0x1000000</start_address>
               <size>0x0</size>
               <logical_group_ref idref="lg-17b"/>
            </allocated_space>
            <allocated_space>
               <start_address>0x1000000</start_address>
               <size>0x6</size>
               <logical_group_ref idref="lg-e"/>
            </allocated_space>
            <available_space>
               <start_address>0x1000006</start_address>
               <size>0xfdfa</size>
            </available_space>
            <allocated_space>
               <start_address>0x100fe00</start_address>
               <size>0x200</size>
               <logical_group_ref idref="lg-11"/>
            </allocated_space>
         </usage_details>
      </memory_area>
      <memory_area display="yes" color="green">
         <name>SRAM_DATA</name>
         <page_id>0x0</page_id>
         <origin>0x20000000</origin>
         <length>0x10000</length>
         <used_space>0x206</used_space>
         <unused_space>0xfdfa</unused_space>
         <attributes>RW</attributes>
         <usage_details>
            <allocated_space>
               <start_address>0x20000000</start_address>
               <size>0x0</size>
               <logical_group_ref idref="lg-17b"/>
            </allocated_space>
            <allocated_space>
               <start_address>0x20000000</start_address>
               <size>0x6</size>
               <logical_group_ref idref="lg-e"/>
            </allocated_space>
            <available_space>
               <start_address>0x20000006</start_address>
               <size>0xfdfa</size>
            </available_space>
            <allocated_space>
               <start_address>0x2000fe00</start_address>
               <size>0x200</size>
               <logical_group_ref idref="lg-11"/>
            </allocated_space>
         </usage_details>
      </memory_area>
   </placement_map>
   <cptbl_list>
      <cptbl>
         <name>__TI_cinit_table</name>
         <cprec>
            <name>.data</name>
            <load_address>0x7f0</load_address>
            <load_size>0xa</load_size>
            <run_address>0x20000000</run_address>
            <run_size>0x6</run_size>
            <compression>lzss</compression>
         </cprec>
      </cptbl>
   </cptbl_list>
   <handler_table>
      <handler_table_name>__TI_handler_table</handler_table_name>
      <handler>
         <index>0x0</index>
         <name>__TI_decompress_lzss</name>
      </handler>
      <handler>
         <index>0x1</index>
         <name>__TI_decompress_none</name>
      </handler>
   </handler_table>
   <symbol_table>
      <symbol id="sm-1">
         <name>WDTCTL_SYM</name>
         <value>0x4000480c</value>
      </symbol>
      <symbol id="sm-2">
         <name>__start___llvm_prf_cnts</name>
         <value>0x20000000</value>
      </symbol>
      <symbol id="sm-3">
         <name>__stop___llvm_prf_cnts</name>
         <value>0x20000000</value>
      </symbol>
      <symbol id="sm-4">
         <name>__TI_CINIT_Base</name>
         <value>0x804</value>
      </symbol>
      <symbol id="sm-5">
         <name>__TI_CINIT_Limit</name>
         <value>0x80c</value>
      </symbol>
      <symbol id="sm-6">
         <name>__TI_Handler_Table_Base</name>
         <value>0x7fc</value>
      </symbol>
      <symbol id="sm-7">
         <name>__TI_Handler_Table_Limit</name>
         <value>0x804</value>
      </symbol>
      <symbol id="sm-8">
         <name>binit</name>
         <value>0xffffffff</value>
      </symbol>
      <symbol id="sm-9">
         <name>__binit__</name>
         <value>0xffffffff</value>
      </symbol>
      <symbol id="sm-a">
         <name>__STACK_SIZE</name>
         <value>0x200</value>
      </symbol>
      <symbol id="sm-b">
         <name>__STACK_END</name>
         <value>0x20010000</value>
      </symbol>
      <symbol id="sm-c">
         <name>__c_args__</name>
         <value>0xffffffff</value>
      </symbol>
      <symbol id="sm-d">
         <name>__TI_pprof_out_hndl</name>
         <value>0xffffffff</value>
      </symbol>
      <symbol id="sm-e">
         <name>__TI_prof_data_start</name>
         <value>0xffffffff</value>
      </symbol>
      <symbol id="sm-f">
         <name>__TI_prof_data_size</name>
         <value>0xffffffff</value>
      </symbol>
      <symbol id="sm-88">
         <name>init_interrupciones</name>
         <value>0x419</value>
         <object_component_ref idref="oc-6d"/>
      </symbol>
      <symbol id="sm-89">
         <name>PORT1_IRQHandler</name>
         <value>0x59d</value>
         <object_component_ref idref="oc-6d"/>
      </symbol>
      <symbol id="sm-8a">
         <name>delay_t</name>
         <value>0x491</value>
         <object_component_ref idref="oc-6d"/>
      </symbol>
      <symbol id="sm-8b">
         <name>config_RGB_LEDS</name>
         <value>0x4b5</value>
         <object_component_ref idref="oc-6d"/>
      </symbol>
      <symbol id="sm-8c">
         <name>init_botons</name>
         <value>0x42f</value>
         <object_component_ref idref="oc-6d"/>
      </symbol>
      <symbol id="sm-8d">
         <name>main</name>
         <value>0x4df</value>
         <object_component_ref idref="oc-6d"/>
      </symbol>
      <symbol id="sm-8e">
         <name>estado</name>
         <value>0x20000004</value>
         <object_component_ref idref="oc-ac"/>
      </symbol>
      <symbol id="sm-a8">
         <name>Reset_Handler</name>
         <value>0x7d7</value>
         <object_component_ref idref="oc-67"/>
      </symbol>
      <symbol id="sm-a9">
         <name>Default_Handler</name>
         <value>0x7e3</value>
         <object_component_ref idref="oc-67"/>
      </symbol>
      <symbol id="sm-aa">
         <name>interruptVectors</name>
         <value>0x0</value>
         <object_component_ref idref="oc-26"/>
      </symbol>
      <symbol id="sm-f2">
         <name>SystemInit</name>
         <value>0x35d</value>
         <object_component_ref idref="oc-a5"/>
      </symbol>
      <symbol id="sm-f3">
         <name>SystemCoreClockUpdate</name>
         <value>0xe5</value>
         <object_component_ref idref="oc-a5"/>
      </symbol>
      <symbol id="sm-f4">
         <name>SystemCoreClock</name>
         <value>0x20000000</value>
         <object_component_ref idref="oc-110"/>
      </symbol>
      <symbol id="sm-10c">
         <name>__TI_decompress_none</name>
         <value>0x7c9</value>
         <object_component_ref idref="oc-1d"/>
      </symbol>
      <symbol id="sm-12f">
         <name>__TI_decompress_lzss</name>
         <value>0x6e9</value>
         <object_component_ref idref="oc-17"/>
      </symbol>
      <symbol id="sm-142">
         <name>__stack</name>
         <value>0x2000fe00</value>
         <object_component_ref idref="oc-29"/>
      </symbol>
      <symbol id="sm-143">
         <name>_c_int00_noargs</name>
         <value>0x795</value>
         <object_component_ref idref="oc-55"/>
      </symbol>
      <symbol id="sm-15e">
         <name>memcpy</name>
         <value>0x64d</value>
         <object_component_ref idref="oc-37"/>
      </symbol>
      <symbol id="sm-15f">
         <name>__aeabi_memcpy</name>
         <value>0x64d</value>
         <object_component_ref idref="oc-37"/>
      </symbol>
      <symbol id="sm-160">
         <name>__aeabi_memcpy8</name>
         <value>0x64d</value>
         <object_component_ref idref="oc-37"/>
      </symbol>
      <symbol id="sm-161">
         <name>__aeabi_memcpy4</name>
         <value>0x64d</value>
         <object_component_ref idref="oc-37"/>
      </symbol>
      <symbol id="sm-18a">
         <name>__TI_auto_init_nobinit_nopinit</name>
         <value>0x751</value>
         <object_component_ref idref="oc-de"/>
      </symbol>
      <symbol id="sm-194">
         <name>_system_pre_init</name>
         <value>0x7e5</value>
         <object_component_ref idref="oc-93"/>
      </symbol>
      <symbol id="sm-1a0">
         <name>C$$EXIT</name>
         <value>0x7e9</value>
         <object_component_ref idref="oc-d2"/>
      </symbol>
      <symbol id="sm-1a1">
         <name>abort</name>
         <value>0x7e9</value>
         <object_component_ref idref="oc-d2"/>
      </symbol>
      <symbol id="sm-1a4">
         <name>__TI_static_base__</name>
         <value>0x0</value>
      </symbol>
      <symbol id="sm-1a7">
         <name>__mpu_init</name>
         <value>0x0</value>
      </symbol>
      <symbol id="sm-1a8">
         <name>_system_post_cinit</name>
         <value>0x0</value>
      </symbol>
      <symbol id="sm-1a9">
         <name>NMI_Handler</name>
         <value>0x7e3</value>
      </symbol>
      <symbol id="sm-1aa">
         <name>HardFault_Handler</name>
         <value>0x7e3</value>
      </symbol>
      <symbol id="sm-1ab">
         <name>MemManage_Handler</name>
         <value>0x7e3</value>
      </symbol>
      <symbol id="sm-1ac">
         <name>BusFault_Handler</name>
         <value>0x7e3</value>
      </symbol>
      <symbol id="sm-1ad">
         <name>UsageFault_Handler</name>
         <value>0x7e3</value>
      </symbol>
      <symbol id="sm-1ae">
         <name>SVC_Handler</name>
         <value>0x7e3</value>
      </symbol>
      <symbol id="sm-1af">
         <name>DebugMon_Handler</name>
         <value>0x7e3</value>
      </symbol>
      <symbol id="sm-1b0">
         <name>PendSV_Handler</name>
         <value>0x7e3</value>
      </symbol>
      <symbol id="sm-1b1">
         <name>SysTick_Handler</name>
         <value>0x7e3</value>
      </symbol>
      <symbol id="sm-1b2">
         <name>PSS_IRQHandler</name>
         <value>0x7e3</value>
      </symbol>
      <symbol id="sm-1b3">
         <name>CS_IRQHandler</name>
         <value>0x7e3</value>
      </symbol>
      <symbol id="sm-1b4">
         <name>PCM_IRQHandler</name>
         <value>0x7e3</value>
      </symbol>
      <symbol id="sm-1b5">
         <name>WDT_A_IRQHandler</name>
         <value>0x7e3</value>
      </symbol>
      <symbol id="sm-1b6">
         <name>FPU_IRQHandler</name>
         <value>0x7e3</value>
      </symbol>
      <symbol id="sm-1b7">
         <name>FLCTL_IRQHandler</name>
         <value>0x7e3</value>
      </symbol>
      <symbol id="sm-1b8">
         <name>COMP_E0_IRQHandler</name>
         <value>0x7e3</value>
      </symbol>
      <symbol id="sm-1b9">
         <name>COMP_E1_IRQHandler</name>
         <value>0x7e3</value>
      </symbol>
      <symbol id="sm-1ba">
         <name>TA0_0_IRQHandler</name>
         <value>0x7e3</value>
      </symbol>
      <symbol id="sm-1bb">
         <name>TA0_N_IRQHandler</name>
         <value>0x7e3</value>
      </symbol>
      <symbol id="sm-1bc">
         <name>TA1_0_IRQHandler</name>
         <value>0x7e3</value>
      </symbol>
      <symbol id="sm-1bd">
         <name>TA1_N_IRQHandler</name>
         <value>0x7e3</value>
      </symbol>
      <symbol id="sm-1be">
         <name>TA2_0_IRQHandler</name>
         <value>0x7e3</value>
      </symbol>
      <symbol id="sm-1bf">
         <name>TA2_N_IRQHandler</name>
         <value>0x7e3</value>
      </symbol>
      <symbol id="sm-1c0">
         <name>TA3_0_IRQHandler</name>
         <value>0x7e3</value>
      </symbol>
      <symbol id="sm-1c1">
         <name>TA3_N_IRQHandler</name>
         <value>0x7e3</value>
      </symbol>
      <symbol id="sm-1c2">
         <name>EUSCIA0_IRQHandler</name>
         <value>0x7e3</value>
      </symbol>
      <symbol id="sm-1c3">
         <name>EUSCIA1_IRQHandler</name>
         <value>0x7e3</value>
      </symbol>
      <symbol id="sm-1c4">
         <name>EUSCIA2_IRQHandler</name>
         <value>0x7e3</value>
      </symbol>
      <symbol id="sm-1c5">
         <name>EUSCIA3_IRQHandler</name>
         <value>0x7e3</value>
      </symbol>
      <symbol id="sm-1c6">
         <name>EUSCIB0_IRQHandler</name>
         <value>0x7e3</value>
      </symbol>
      <symbol id="sm-1c7">
         <name>EUSCIB1_IRQHandler</name>
         <value>0x7e3</value>
      </symbol>
      <symbol id="sm-1c8">
         <name>EUSCIB2_IRQHandler</name>
         <value>0x7e3</value>
      </symbol>
      <symbol id="sm-1c9">
         <name>EUSCIB3_IRQHandler</name>
         <value>0x7e3</value>
      </symbol>
      <symbol id="sm-1ca">
         <name>ADC14_IRQHandler</name>
         <value>0x7e3</value>
      </symbol>
      <symbol id="sm-1cb">
         <name>T32_INT1_IRQHandler</name>
         <value>0x7e3</value>
      </symbol>
      <symbol id="sm-1cc">
         <name>T32_INT2_IRQHandler</name>
         <value>0x7e3</value>
      </symbol>
      <symbol id="sm-1cd">
         <name>T32_INTC_IRQHandler</name>
         <value>0x7e3</value>
      </symbol>
      <symbol id="sm-1ce">
         <name>AES256_IRQHandler</name>
         <value>0x7e3</value>
      </symbol>
      <symbol id="sm-1cf">
         <name>RTC_C_IRQHandler</name>
         <value>0x7e3</value>
      </symbol>
      <symbol id="sm-1d0">
         <name>DMA_ERR_IRQHandler</name>
         <value>0x7e3</value>
      </symbol>
      <symbol id="sm-1d1">
         <name>DMA_INT3_IRQHandler</name>
         <value>0x7e3</value>
      </symbol>
      <symbol id="sm-1d2">
         <name>DMA_INT2_IRQHandler</name>
         <value>0x7e3</value>
      </symbol>
      <symbol id="sm-1d3">
         <name>DMA_INT1_IRQHandler</name>
         <value>0x7e3</value>
      </symbol>
      <symbol id="sm-1d4">
         <name>DMA_INT0_IRQHandler</name>
         <value>0x7e3</value>
      </symbol>
      <symbol id="sm-1d5">
         <name>PORT1_IRQHandler</name>
         <value>0x59d</value>
      </symbol>
      <symbol id="sm-1d6">
         <name>PORT2_IRQHandler</name>
         <value>0x7e3</value>
      </symbol>
      <symbol id="sm-1d7">
         <name>PORT3_IRQHandler</name>
         <value>0x7e3</value>
      </symbol>
      <symbol id="sm-1d8">
         <name>PORT4_IRQHandler</name>
         <value>0x7e3</value>
      </symbol>
      <symbol id="sm-1d9">
         <name>PORT5_IRQHandler</name>
         <value>0x7e3</value>
      </symbol>
      <symbol id="sm-1da">
         <name>PORT6_IRQHandler</name>
         <value>0x7e3</value>
      </symbol>
   </symbol_table>
   <title>Link successful</title>
</link_info>
