<?xml version="1.0" encoding="ISO-8859-1" ?>
<link_info>
   <banner>TI ARM Linker PC v20.2.5.LTS</banner>
   <copyright>Copyright (c) 1996-2018 Texas Instruments Incorporated</copyright>
   <link_time>0x64197a10</link_time>
   <link_errors>0x0</link_errors>
   <output_file>P3_PAE.out</output_file>
   <entry_point>
      <name>_c_int00_noargs</name>
      <address>0xbf9</address>
   </entry_point>
   <input_file_list>
      <input_file id="fl-2">
         <path>.\</path>
         <kind>object</kind>
         <file>main.obj</file>
         <name>main.obj</name>
      </input_file>
      <input_file id="fl-3">
         <path>.\</path>
         <kind>object</kind>
         <file>startup_msp432p401r_ccs.obj</file>
         <name>startup_msp432p401r_ccs.obj</name>
      </input_file>
      <input_file id="fl-4">
         <path>.\</path>
         <kind>object</kind>
         <file>system_msp432p401r.obj</file>
         <name>system_msp432p401r.obj</name>
      </input_file>
      <input_file id="fl-9">
         <kind>object</kind>
         <file>&lt;internal&gt;</file>
         <name>&lt;internal&gt;</name>
      </input_file>
      <input_file id="fl-a">
         <path>..\</path>
         <kind>archive</kind>
         <file>lib_PAE.lib</file>
         <name>Inicializacion.obj</name>
      </input_file>
      <input_file id="fl-c0">
         <path>C:\ti\ccs1040\ccs\tools\compiler\ti-cgt-arm_20.2.5.LTS\lib\</path>
         <kind>archive</kind>
         <file>rtsv7M4_T_le_v4SPD16_eabi.lib</file>
         <name>copy_zero_init.c.obj</name>
      </input_file>
      <input_file id="fl-c1">
         <path>C:\ti\ccs1040\ccs\tools\compiler\ti-cgt-arm_20.2.5.LTS\lib\</path>
         <kind>archive</kind>
         <file>rtsv7M4_T_le_v4SPD16_eabi.lib</file>
         <name>copy_decompress_none.c.obj</name>
      </input_file>
      <input_file id="fl-c2">
         <path>C:\ti\ccs1040\ccs\tools\compiler\ti-cgt-arm_20.2.5.LTS\lib\</path>
         <kind>archive</kind>
         <file>rtsv7M4_T_le_v4SPD16_eabi.lib</file>
         <name>copy_decompress_lzss.c.obj</name>
      </input_file>
      <input_file id="fl-c3">
         <path>C:\ti\ccs1040\ccs\tools\compiler\ti-cgt-arm_20.2.5.LTS\lib\</path>
         <kind>archive</kind>
         <file>rtsv7M4_T_le_v4SPD16_eabi.lib</file>
         <name>boot_cortex_m.c.obj</name>
      </input_file>
      <input_file id="fl-c4">
         <path>C:\ti\ccs1040\ccs\tools\compiler\ti-cgt-arm_20.2.5.LTS\lib\</path>
         <kind>archive</kind>
         <file>rtsv7M4_T_le_v4SPD16_eabi.lib</file>
         <name>memcpy_t2.asm.obj</name>
      </input_file>
      <input_file id="fl-c5">
         <path>C:\ti\ccs1040\ccs\tools\compiler\ti-cgt-arm_20.2.5.LTS\lib\</path>
         <kind>archive</kind>
         <file>rtsv7M4_T_le_v4SPD16_eabi.lib</file>
         <name>memset_t2.asm.obj</name>
      </input_file>
      <input_file id="fl-c6">
         <path>C:\ti\ccs1040\ccs\tools\compiler\ti-cgt-arm_20.2.5.LTS\lib\</path>
         <kind>archive</kind>
         <file>rtsv7M4_T_le_v4SPD16_eabi.lib</file>
         <name>autoinit.c.obj</name>
      </input_file>
      <input_file id="fl-c7">
         <path>C:\ti\ccs1040\ccs\tools\compiler\ti-cgt-arm_20.2.5.LTS\lib\</path>
         <kind>archive</kind>
         <file>rtsv7M4_T_le_v4SPD16_eabi.lib</file>
         <name>pre_init.c.obj</name>
      </input_file>
      <input_file id="fl-c8">
         <path>C:\ti\ccs1040\ccs\tools\compiler\ti-cgt-arm_20.2.5.LTS\lib\</path>
         <kind>archive</kind>
         <file>rtsv7M4_T_le_v4SPD16_eabi.lib</file>
         <name>cpy_tbl.c.obj</name>
      </input_file>
      <input_file id="fl-c9">
         <path>C:\ti\ccs1040\ccs\tools\compiler\ti-cgt-arm_20.2.5.LTS\lib\</path>
         <kind>archive</kind>
         <file>rtsv7M4_T_le_v4SPD16_eabi.lib</file>
         <name>exit.c.obj</name>
      </input_file>
      <input_file id="fl-ca">
         <path>C:\ti\ccs1040\ccs\tools\compiler\ti-cgt-arm_20.2.5.LTS\lib\</path>
         <kind>archive</kind>
         <file>rtsv7M4_T_le_v4SPD16_eabi.lib</file>
         <name>_lock.c.obj</name>
      </input_file>
      <input_file id="fl-cb">
         <path>C:\ti\ccs1040\ccs\tools\compiler\ti-cgt-arm_20.2.5.LTS\lib\</path>
         <kind>archive</kind>
         <file>rtsv7M4_T_le_v4SPD16_eabi.lib</file>
         <name>args_main.c.obj</name>
      </input_file>
   </input_file_list>
   <object_component_list>
      <object_component id="oc-26">
         <name>.intvecs:retain</name>
         <load_address>0x0</load_address>
         <run_address>0x0</run_address>
         <size>0xe4</size>
         <input_file_ref idref="fl-3"/>
      </object_component>
      <object_component id="oc-6d">
         <name>.text</name>
         <load_address>0xe4</load_address>
         <run_address>0xe4</run_address>
         <size>0x620</size>
         <input_file_ref idref="fl-2"/>
      </object_component>
      <object_component id="oc-a5">
         <name>.text</name>
         <load_address>0x704</load_address>
         <run_address>0x704</run_address>
         <size>0x334</size>
         <input_file_ref idref="fl-4"/>
      </object_component>
      <object_component id="oc-37">
         <name>.text</name>
         <load_address>0xa38</load_address>
         <run_address>0xa38</run_address>
         <size>0x9c</size>
         <input_file_ref idref="fl-c4"/>
      </object_component>
      <object_component id="oc-ac">
         <name>.text</name>
         <load_address>0xad4</load_address>
         <run_address>0xad4</run_address>
         <size>0x78</size>
         <input_file_ref idref="fl-a"/>
      </object_component>
      <object_component id="oc-17">
         <name>.text:decompress:lzss:__TI_decompress_lzss</name>
         <load_address>0xb4c</load_address>
         <run_address>0xb4c</run_address>
         <size>0x68</size>
         <input_file_ref idref="fl-c2"/>
      </object_component>
      <object_component id="oc-e1">
         <name>.text:__TI_auto_init_nobinit_nopinit:__TI_auto_init_nobinit_nopinit</name>
         <load_address>0xbb4</load_address>
         <run_address>0xbb4</run_address>
         <size>0x44</size>
         <input_file_ref idref="fl-c6"/>
      </object_component>
      <object_component id="oc-55">
         <name>.text:_c_int00_noargs:_c_int00_noargs</name>
         <load_address>0xbf8</load_address>
         <run_address>0xbf8</run_address>
         <size>0x34</size>
         <input_file_ref idref="fl-c3"/>
      </object_component>
      <object_component id="oc-1d">
         <name>.text:decompress:none:__TI_decompress_none</name>
         <load_address>0xc2c</load_address>
         <run_address>0xc2c</run_address>
         <size>0xe</size>
         <input_file_ref idref="fl-c1"/>
      </object_component>
      <object_component id="oc-67">
         <name>.text</name>
         <load_address>0xc3a</load_address>
         <run_address>0xc3a</run_address>
         <size>0xe</size>
         <input_file_ref idref="fl-3"/>
      </object_component>
      <object_component id="oc-93">
         <name>.text:_system_pre_init</name>
         <load_address>0xc48</load_address>
         <run_address>0xc48</run_address>
         <size>0x4</size>
         <input_file_ref idref="fl-c7"/>
      </object_component>
      <object_component id="oc-d5">
         <name>.text:abort:abort</name>
         <load_address>0xc4c</load_address>
         <run_address>0xc4c</run_address>
         <size>0x4</size>
         <input_file_ref idref="fl-c9"/>
      </object_component>
      <object_component id="oc-1bb">
         <name>.cinit..data.load</name>
         <load_address>0xc50</load_address>
         <run_address>0xc50</run_address>
         <size>0x26</size>
      </object_component>
      <object_component id="oc-1b9">
         <name>__TI_handler_table</name>
         <load_address>0xc78</load_address>
         <run_address>0xc78</run_address>
         <size>0x8</size>
      </object_component>
      <object_component id="oc-1ba">
         <name>__TI_cinit_table</name>
         <load_address>0xc80</load_address>
         <run_address>0xc80</run_address>
         <size>0x8</size>
      </object_component>
      <object_component id="oc-18d">
         <name>.binit</name>
         <load_address>0x0</load_address>
         <run_address>0x0</run_address>
         <size>0x0</size>
      </object_component>
      <object_component id="oc-b5">
         <name>.data</name>
         <load_address>0x20000014</load_address>
         <run_address>0x20000014</run_address>
         <size>0x9</size>
         <input_file_ref idref="fl-2"/>
      </object_component>
      <object_component id="oc-b2">
         <name>.data:color_sequence</name>
         <load_address>0x20000000</load_address>
         <run_address>0x20000000</run_address>
         <size>0x14</size>
         <input_file_ref idref="fl-2"/>
      </object_component>
      <object_component id="oc-113">
         <name>.data</name>
         <load_address>0x20000020</load_address>
         <run_address>0x20000020</run_address>
         <size>0x4</size>
         <input_file_ref idref="fl-4"/>
      </object_component>
      <object_component id="oc-29">
         <name>.stack</name>
         <uninitialized>true</uninitialized>
         <run_address>0x2000fe00</run_address>
         <size>0x4</size>
         <input_file_ref idref="fl-c3"/>
      </object_component>
      <object_component id="oc-1bd">
         <name>.stack</name>
         <uninitialized>true</uninitialized>
         <run_address>0x2000fe00</run_address>
         <size>0x0</size>
      </object_component>
      <object_component id="oc-11a">
         <name>.debug_info</name>
         <load_address>0x0</load_address>
         <run_address>0x0</run_address>
         <size>0x567</size>
         <input_file_ref idref="fl-2"/>
      </object_component>
      <object_component id="oc-b6">
         <name>.debug_info</name>
         <load_address>0x567</load_address>
         <run_address>0x567</run_address>
         <size>0x176</size>
         <input_file_ref idref="fl-2"/>
      </object_component>
      <object_component id="oc-b3">
         <name>.debug_info</name>
         <load_address>0x6dd</load_address>
         <run_address>0x6dd</run_address>
         <size>0xc9</size>
         <input_file_ref idref="fl-2"/>
      </object_component>
      <object_component id="oc-6f">
         <name>.debug_info</name>
         <load_address>0x7a6</load_address>
         <run_address>0x7a6</run_address>
         <size>0x651</size>
         <input_file_ref idref="fl-2"/>
      </object_component>
      <object_component id="oc-14b">
         <name>.debug_info</name>
         <load_address>0xdf7</load_address>
         <run_address>0xdf7</run_address>
         <size>0x86</size>
         <input_file_ref idref="fl-2"/>
      </object_component>
      <object_component id="oc-155">
         <name>.debug_info</name>
         <load_address>0xe7d</load_address>
         <run_address>0xe7d</run_address>
         <size>0x1055</size>
         <input_file_ref idref="fl-2"/>
      </object_component>
      <object_component id="oc-150">
         <name>.debug_info</name>
         <load_address>0x1ed2</load_address>
         <run_address>0x1ed2</run_address>
         <size>0x37e2</size>
         <input_file_ref idref="fl-2"/>
      </object_component>
      <object_component id="oc-c0">
         <name>.debug_info</name>
         <load_address>0x56b4</load_address>
         <run_address>0x56b4</run_address>
         <size>0x26b</size>
         <input_file_ref idref="fl-2"/>
      </object_component>
      <object_component id="oc-122">
         <name>.debug_info</name>
         <load_address>0x591f</load_address>
         <run_address>0x591f</run_address>
         <size>0x8b</size>
         <input_file_ref idref="fl-2"/>
      </object_component>
      <object_component id="oc-11d">
         <name>.debug_info</name>
         <load_address>0x59aa</load_address>
         <run_address>0x59aa</run_address>
         <size>0x2a4</size>
         <input_file_ref idref="fl-2"/>
      </object_component>
      <object_component id="oc-b9">
         <name>.debug_info</name>
         <load_address>0x5c4e</load_address>
         <run_address>0x5c4e</run_address>
         <size>0xbb</size>
         <input_file_ref idref="fl-2"/>
      </object_component>
      <object_component id="oc-75">
         <name>.debug_info</name>
         <load_address>0x5d09</load_address>
         <run_address>0x5d09</run_address>
         <size>0x2b4</size>
         <input_file_ref idref="fl-3"/>
      </object_component>
      <object_component id="oc-27">
         <name>.debug_info</name>
         <load_address>0x5fbd</load_address>
         <run_address>0x5fbd</run_address>
         <size>0xe0</size>
         <input_file_ref idref="fl-3"/>
      </object_component>
      <object_component id="oc-68">
         <name>.debug_info</name>
         <load_address>0x609d</load_address>
         <run_address>0x609d</run_address>
         <size>0x1a7</size>
         <input_file_ref idref="fl-3"/>
      </object_component>
      <object_component id="oc-32">
         <name>.debug_info</name>
         <load_address>0x6244</load_address>
         <run_address>0x6244</run_address>
         <size>0x84</size>
         <input_file_ref idref="fl-3"/>
      </object_component>
      <object_component id="oc-114">
         <name>.debug_info</name>
         <load_address>0x62c8</load_address>
         <run_address>0x62c8</run_address>
         <size>0xd9</size>
         <input_file_ref idref="fl-4"/>
      </object_component>
      <object_component id="oc-a7">
         <name>.debug_info</name>
         <load_address>0x63a1</load_address>
         <run_address>0x63a1</run_address>
         <size>0x24b</size>
         <input_file_ref idref="fl-4"/>
      </object_component>
      <object_component id="oc-af">
         <name>.debug_info</name>
         <load_address>0x65ec</load_address>
         <run_address>0x65ec</run_address>
         <size>0x181</size>
         <input_file_ref idref="fl-a"/>
      </object_component>
      <object_component id="oc-42">
         <name>.debug_info</name>
         <load_address>0x676d</load_address>
         <run_address>0x676d</run_address>
         <size>0x2a8</size>
         <input_file_ref idref="fl-c1"/>
      </object_component>
      <object_component id="oc-21">
         <name>.debug_info</name>
         <load_address>0x6a15</load_address>
         <run_address>0x6a15</run_address>
         <size>0x1ea</size>
         <input_file_ref idref="fl-c1"/>
      </object_component>
      <object_component id="oc-3d">
         <name>.debug_info</name>
         <load_address>0x6bff</load_address>
         <run_address>0x6bff</run_address>
         <size>0x46</size>
         <input_file_ref idref="fl-c1"/>
      </object_component>
      <object_component id="oc-7f">
         <name>.debug_info</name>
         <load_address>0x6c45</load_address>
         <run_address>0x6c45</run_address>
         <size>0x2c</size>
         <input_file_ref idref="fl-c1"/>
      </object_component>
      <object_component id="oc-7d">
         <name>.debug_info</name>
         <load_address>0x6c71</load_address>
         <run_address>0x6c71</run_address>
         <size>0x29e</size>
         <input_file_ref idref="fl-c2"/>
      </object_component>
      <object_component id="oc-1a">
         <name>.debug_info</name>
         <load_address>0x6f0f</load_address>
         <run_address>0x6f0f</run_address>
         <size>0x250</size>
         <input_file_ref idref="fl-c2"/>
      </object_component>
      <object_component id="oc-2d">
         <name>.debug_info</name>
         <load_address>0x715f</load_address>
         <run_address>0x715f</run_address>
         <size>0x60</size>
         <input_file_ref idref="fl-c2"/>
      </object_component>
      <object_component id="oc-c5">
         <name>.debug_info</name>
         <load_address>0x71bf</load_address>
         <run_address>0x71bf</run_address>
         <size>0x46</size>
         <input_file_ref idref="fl-c2"/>
      </object_component>
      <object_component id="oc-78">
         <name>.debug_info</name>
         <load_address>0x7205</load_address>
         <run_address>0x7205</run_address>
         <size>0x39</size>
         <input_file_ref idref="fl-c2"/>
      </object_component>
      <object_component id="oc-2a">
         <name>.debug_info</name>
         <load_address>0x723e</load_address>
         <run_address>0x723e</run_address>
         <size>0x10b</size>
         <input_file_ref idref="fl-c3"/>
      </object_component>
      <object_component id="oc-58">
         <name>.debug_info</name>
         <load_address>0x7349</load_address>
         <run_address>0x7349</run_address>
         <size>0x1a9</size>
         <input_file_ref idref="fl-c3"/>
      </object_component>
      <object_component id="oc-3a">
         <name>.debug_info</name>
         <load_address>0x74f2</load_address>
         <run_address>0x74f2</run_address>
         <size>0x119</size>
         <input_file_ref idref="fl-c4"/>
      </object_component>
      <object_component id="oc-132">
         <name>.debug_info</name>
         <load_address>0x760b</load_address>
         <run_address>0x760b</run_address>
         <size>0x4b3</size>
         <input_file_ref idref="fl-c6"/>
      </object_component>
      <object_component id="oc-e4">
         <name>.debug_info</name>
         <load_address>0x7abe</load_address>
         <run_address>0x7abe</run_address>
         <size>0x1a6</size>
         <input_file_ref idref="fl-c6"/>
      </object_component>
      <object_component id="oc-16a">
         <name>.debug_info</name>
         <load_address>0x7c64</load_address>
         <run_address>0x7c64</run_address>
         <size>0x39</size>
         <input_file_ref idref="fl-c6"/>
      </object_component>
      <object_component id="oc-17e">
         <name>.debug_info</name>
         <load_address>0x7c9d</load_address>
         <run_address>0x7c9d</run_address>
         <size>0x39</size>
         <input_file_ref idref="fl-c6"/>
      </object_component>
      <object_component id="oc-16f">
         <name>.debug_info</name>
         <load_address>0x7cd6</load_address>
         <run_address>0x7cd6</run_address>
         <size>0x39</size>
         <input_file_ref idref="fl-c6"/>
      </object_component>
      <object_component id="oc-174">
         <name>.debug_info</name>
         <load_address>0x7d0f</load_address>
         <run_address>0x7d0f</run_address>
         <size>0xcd</size>
         <input_file_ref idref="fl-c6"/>
      </object_component>
      <object_component id="oc-96">
         <name>.debug_info</name>
         <load_address>0x7ddc</load_address>
         <run_address>0x7ddc</run_address>
         <size>0x153</size>
         <input_file_ref idref="fl-c7"/>
      </object_component>
      <object_component id="oc-d8">
         <name>.debug_info</name>
         <load_address>0x7f2f</load_address>
         <run_address>0x7f2f</run_address>
         <size>0x122</size>
         <input_file_ref idref="fl-c9"/>
      </object_component>
      <object_component id="oc-1be">
         <name>.debug_info</name>
         <load_address>0x8051</load_address>
         <run_address>0x8051</run_address>
         <size>0x8c</size>
      </object_component>
      <object_component id="oc-14a">
         <name>.debug_line</name>
         <load_address>0x0</load_address>
         <run_address>0x0</run_address>
         <size>0x30</size>
         <input_file_ref idref="fl-2"/>
      </object_component>
      <object_component id="oc-11c">
         <name>.debug_line</name>
         <load_address>0x30</load_address>
         <run_address>0x30</run_address>
         <size>0x2d</size>
         <input_file_ref idref="fl-2"/>
      </object_component>
      <object_component id="oc-119">
         <name>.debug_line</name>
         <load_address>0x5d</load_address>
         <run_address>0x5d</run_address>
         <size>0x2d</size>
         <input_file_ref idref="fl-2"/>
      </object_component>
      <object_component id="oc-6e">
         <name>.debug_line</name>
         <load_address>0x8a</load_address>
         <run_address>0x8a</run_address>
         <size>0x278</size>
         <input_file_ref idref="fl-2"/>
      </object_component>
      <object_component id="oc-14e">
         <name>.debug_line</name>
         <load_address>0x302</load_address>
         <run_address>0x302</run_address>
         <size>0x2d</size>
         <input_file_ref idref="fl-2"/>
      </object_component>
      <object_component id="oc-158">
         <name>.debug_line</name>
         <load_address>0x32f</load_address>
         <run_address>0x32f</run_address>
         <size>0x5b</size>
         <input_file_ref idref="fl-2"/>
      </object_component>
      <object_component id="oc-153">
         <name>.debug_line</name>
         <load_address>0x38a</load_address>
         <run_address>0x38a</run_address>
         <size>0x58</size>
         <input_file_ref idref="fl-2"/>
      </object_component>
      <object_component id="oc-c3">
         <name>.debug_line</name>
         <load_address>0x3e2</load_address>
         <run_address>0x3e2</run_address>
         <size>0x6f</size>
         <input_file_ref idref="fl-2"/>
      </object_component>
      <object_component id="oc-125">
         <name>.debug_line</name>
         <load_address>0x451</load_address>
         <run_address>0x451</run_address>
         <size>0x20</size>
         <input_file_ref idref="fl-2"/>
      </object_component>
      <object_component id="oc-120">
         <name>.debug_line</name>
         <load_address>0x471</load_address>
         <run_address>0x471</run_address>
         <size>0x73</size>
         <input_file_ref idref="fl-2"/>
      </object_component>
      <object_component id="oc-bc">
         <name>.debug_line</name>
         <load_address>0x4e4</load_address>
         <run_address>0x4e4</run_address>
         <size>0x70</size>
         <input_file_ref idref="fl-2"/>
      </object_component>
      <object_component id="oc-bf">
         <name>.debug_line</name>
         <load_address>0x554</load_address>
         <run_address>0x554</run_address>
         <size>0x40</size>
         <input_file_ref idref="fl-3"/>
      </object_component>
      <object_component id="oc-74">
         <name>.debug_line</name>
         <load_address>0x594</load_address>
         <run_address>0x594</run_address>
         <size>0x40</size>
         <input_file_ref idref="fl-3"/>
      </object_component>
      <object_component id="oc-6b">
         <name>.debug_line</name>
         <load_address>0x5d4</load_address>
         <run_address>0x5d4</run_address>
         <size>0x71</size>
         <input_file_ref idref="fl-3"/>
      </object_component>
      <object_component id="oc-35">
         <name>.debug_line</name>
         <load_address>0x645</load_address>
         <run_address>0x645</run_address>
         <size>0x20</size>
         <input_file_ref idref="fl-3"/>
      </object_component>
      <object_component id="oc-148">
         <name>.debug_line</name>
         <load_address>0x665</load_address>
         <run_address>0x665</run_address>
         <size>0x3b</size>
         <input_file_ref idref="fl-4"/>
      </object_component>
      <object_component id="oc-a6">
         <name>.debug_line</name>
         <load_address>0x6a0</load_address>
         <run_address>0x6a0</run_address>
         <size>0x134</size>
         <input_file_ref idref="fl-4"/>
      </object_component>
      <object_component id="oc-ae">
         <name>.debug_line</name>
         <load_address>0x7d4</load_address>
         <run_address>0x7d4</run_address>
         <size>0x75</size>
         <input_file_ref idref="fl-a"/>
      </object_component>
      <object_component id="oc-85">
         <name>.debug_line</name>
         <load_address>0x849</load_address>
         <run_address>0x849</run_address>
         <size>0x20</size>
         <input_file_ref idref="fl-c1"/>
      </object_component>
      <object_component id="oc-1e">
         <name>.debug_line</name>
         <load_address>0x869</load_address>
         <run_address>0x869</run_address>
         <size>0x55</size>
         <input_file_ref idref="fl-c1"/>
      </object_component>
      <object_component id="oc-40">
         <name>.debug_line</name>
         <load_address>0x8be</load_address>
         <run_address>0x8be</run_address>
         <size>0x3a</size>
         <input_file_ref idref="fl-c1"/>
      </object_component>
      <object_component id="oc-82">
         <name>.debug_line</name>
         <load_address>0x8f8</load_address>
         <run_address>0x8f8</run_address>
         <size>0x92</size>
         <input_file_ref idref="fl-c1"/>
      </object_component>
      <object_component id="oc-cb">
         <name>.debug_line</name>
         <load_address>0x98a</load_address>
         <run_address>0x98a</run_address>
         <size>0x20</size>
         <input_file_ref idref="fl-c2"/>
      </object_component>
      <object_component id="oc-19">
         <name>.debug_line</name>
         <load_address>0x9aa</load_address>
         <run_address>0x9aa</run_address>
         <size>0xa9</size>
         <input_file_ref idref="fl-c2"/>
      </object_component>
      <object_component id="oc-30">
         <name>.debug_line</name>
         <load_address>0xa53</load_address>
         <run_address>0xa53</run_address>
         <size>0x3a</size>
         <input_file_ref idref="fl-c2"/>
      </object_component>
      <object_component id="oc-c8">
         <name>.debug_line</name>
         <load_address>0xa8d</load_address>
         <run_address>0xa8d</run_address>
         <size>0x9a</size>
         <input_file_ref idref="fl-c2"/>
      </object_component>
      <object_component id="oc-7b">
         <name>.debug_line</name>
         <load_address>0xb27</load_address>
         <run_address>0xb27</run_address>
         <size>0x96</size>
         <input_file_ref idref="fl-c2"/>
      </object_component>
      <object_component id="oc-77">
         <name>.debug_line</name>
         <load_address>0xbbd</load_address>
         <run_address>0xbbd</run_address>
         <size>0x33</size>
         <input_file_ref idref="fl-c3"/>
      </object_component>
      <object_component id="oc-5a">
         <name>.debug_line</name>
         <load_address>0xbf0</load_address>
         <run_address>0xbf0</run_address>
         <size>0x45</size>
         <input_file_ref idref="fl-c3"/>
      </object_component>
      <object_component id="oc-38">
         <name>.debug_line</name>
         <load_address>0xc35</load_address>
         <run_address>0xc35</run_address>
         <size>0x88</size>
         <input_file_ref idref="fl-c4"/>
      </object_component>
      <object_component id="oc-169">
         <name>.debug_line</name>
         <load_address>0xcbd</load_address>
         <run_address>0xcbd</run_address>
         <size>0xbf</size>
         <input_file_ref idref="fl-c6"/>
      </object_component>
      <object_component id="oc-e2">
         <name>.debug_line</name>
         <load_address>0xd7c</load_address>
         <run_address>0xd7c</run_address>
         <size>0x6f</size>
         <input_file_ref idref="fl-c6"/>
      </object_component>
      <object_component id="oc-16d">
         <name>.debug_line</name>
         <load_address>0xdeb</load_address>
         <run_address>0xdeb</run_address>
         <size>0x2e</size>
         <input_file_ref idref="fl-c6"/>
      </object_component>
      <object_component id="oc-181">
         <name>.debug_line</name>
         <load_address>0xe19</load_address>
         <run_address>0xe19</run_address>
         <size>0x9a</size>
         <input_file_ref idref="fl-c6"/>
      </object_component>
      <object_component id="oc-172">
         <name>.debug_line</name>
         <load_address>0xeb3</load_address>
         <run_address>0xeb3</run_address>
         <size>0x97</size>
         <input_file_ref idref="fl-c6"/>
      </object_component>
      <object_component id="oc-177">
         <name>.debug_line</name>
         <load_address>0xf4a</load_address>
         <run_address>0xf4a</run_address>
         <size>0x93</size>
         <input_file_ref idref="fl-c6"/>
      </object_component>
      <object_component id="oc-94">
         <name>.debug_line</name>
         <load_address>0xfdd</load_address>
         <run_address>0xfdd</run_address>
         <size>0x40</size>
         <input_file_ref idref="fl-c7"/>
      </object_component>
      <object_component id="oc-d6">
         <name>.debug_line</name>
         <load_address>0x101d</load_address>
         <run_address>0x101d</run_address>
         <size>0x3c</size>
         <input_file_ref idref="fl-c9"/>
      </object_component>
      <object_component id="oc-72">
         <name>.debug_frame</name>
         <load_address>0x0</load_address>
         <run_address>0x0</run_address>
         <size>0x180</size>
         <input_file_ref idref="fl-2"/>
      </object_component>
      <object_component id="oc-6c">
         <name>.debug_frame</name>
         <load_address>0x180</load_address>
         <run_address>0x180</run_address>
         <size>0x6c</size>
         <input_file_ref idref="fl-3"/>
      </object_component>
      <object_component id="oc-aa">
         <name>.debug_frame</name>
         <load_address>0x1ec</load_address>
         <run_address>0x1ec</run_address>
         <size>0x70</size>
         <input_file_ref idref="fl-4"/>
      </object_component>
      <object_component id="oc-ad">
         <name>.debug_frame</name>
         <load_address>0x464</load_address>
         <run_address>0x464</run_address>
         <size>0x62</size>
         <input_file_ref idref="fl-a"/>
      </object_component>
      <object_component id="oc-1f">
         <name>.debug_frame</name>
         <load_address>0x25c</load_address>
         <run_address>0x25c</run_address>
         <size>0x54</size>
         <input_file_ref idref="fl-c1"/>
      </object_component>
      <object_component id="oc-18">
         <name>.debug_frame</name>
         <load_address>0x2b0</load_address>
         <run_address>0x2b0</run_address>
         <size>0x60</size>
         <input_file_ref idref="fl-c2"/>
      </object_component>
      <object_component id="oc-56">
         <name>.debug_frame</name>
         <load_address>0x310</load_address>
         <run_address>0x310</run_address>
         <size>0x50</size>
         <input_file_ref idref="fl-c3"/>
      </object_component>
      <object_component id="oc-e3">
         <name>.debug_frame</name>
         <load_address>0x360</load_address>
         <run_address>0x360</run_address>
         <size>0x5c</size>
         <input_file_ref idref="fl-c6"/>
      </object_component>
      <object_component id="oc-98">
         <name>.debug_frame</name>
         <load_address>0x3bc</load_address>
         <run_address>0x3bc</run_address>
         <size>0x54</size>
         <input_file_ref idref="fl-c7"/>
      </object_component>
      <object_component id="oc-d7">
         <name>.debug_frame</name>
         <load_address>0x410</load_address>
         <run_address>0x410</run_address>
         <size>0x54</size>
         <input_file_ref idref="fl-c9"/>
      </object_component>
      <object_component id="oc-149">
         <name>.debug_abbrev</name>
         <load_address>0x0</load_address>
         <run_address>0x0</run_address>
         <size>0x8e</size>
         <input_file_ref idref="fl-2"/>
      </object_component>
      <object_component id="oc-11b">
         <name>.debug_abbrev</name>
         <load_address>0x8e</load_address>
         <run_address>0x8e</run_address>
         <size>0x29</size>
         <input_file_ref idref="fl-2"/>
      </object_component>
      <object_component id="oc-118">
         <name>.debug_abbrev</name>
         <load_address>0xb7</load_address>
         <run_address>0xb7</run_address>
         <size>0x29</size>
         <input_file_ref idref="fl-2"/>
      </object_component>
      <object_component id="oc-b8">
         <name>.debug_abbrev</name>
         <load_address>0xe0</load_address>
         <run_address>0xe0</run_address>
         <size>0xc6</size>
         <input_file_ref idref="fl-2"/>
      </object_component>
      <object_component id="oc-14d">
         <name>.debug_abbrev</name>
         <load_address>0x1a6</load_address>
         <run_address>0x1a6</run_address>
         <size>0x49</size>
         <input_file_ref idref="fl-2"/>
      </object_component>
      <object_component id="oc-157">
         <name>.debug_abbrev</name>
         <load_address>0x1ef</load_address>
         <run_address>0x1ef</run_address>
         <size>0x97</size>
         <input_file_ref idref="fl-2"/>
      </object_component>
      <object_component id="oc-152">
         <name>.debug_abbrev</name>
         <load_address>0x286</load_address>
         <run_address>0x286</run_address>
         <size>0xbd</size>
         <input_file_ref idref="fl-2"/>
      </object_component>
      <object_component id="oc-c2">
         <name>.debug_abbrev</name>
         <load_address>0x343</load_address>
         <run_address>0x343</run_address>
         <size>0x69</size>
         <input_file_ref idref="fl-2"/>
      </object_component>
      <object_component id="oc-124">
         <name>.debug_abbrev</name>
         <load_address>0x3ac</load_address>
         <run_address>0x3ac</run_address>
         <size>0x1f</size>
         <input_file_ref idref="fl-2"/>
      </object_component>
      <object_component id="oc-11f">
         <name>.debug_abbrev</name>
         <load_address>0x3cb</load_address>
         <run_address>0x3cb</run_address>
         <size>0x5c</size>
         <input_file_ref idref="fl-2"/>
      </object_component>
      <object_component id="oc-bb">
         <name>.debug_abbrev</name>
         <load_address>0x427</load_address>
         <run_address>0x427</run_address>
         <size>0x24</size>
         <input_file_ref idref="fl-2"/>
      </object_component>
      <object_component id="oc-be">
         <name>.debug_abbrev</name>
         <load_address>0x44b</load_address>
         <run_address>0x44b</run_address>
         <size>0x7c</size>
         <input_file_ref idref="fl-3"/>
      </object_component>
      <object_component id="oc-73">
         <name>.debug_abbrev</name>
         <load_address>0x4c7</load_address>
         <run_address>0x4c7</run_address>
         <size>0x29</size>
         <input_file_ref idref="fl-3"/>
      </object_component>
      <object_component id="oc-ab">
         <name>.debug_abbrev</name>
         <load_address>0x4f0</load_address>
         <run_address>0x4f0</run_address>
         <size>0x89</size>
         <input_file_ref idref="fl-3"/>
      </object_component>
      <object_component id="oc-34">
         <name>.debug_abbrev</name>
         <load_address>0x579</load_address>
         <run_address>0x579</run_address>
         <size>0x1f</size>
         <input_file_ref idref="fl-3"/>
      </object_component>
      <object_component id="oc-147">
         <name>.debug_abbrev</name>
         <load_address>0x598</load_address>
         <run_address>0x598</run_address>
         <size>0x29</size>
         <input_file_ref idref="fl-4"/>
      </object_component>
      <object_component id="oc-116">
         <name>.debug_abbrev</name>
         <load_address>0x5c1</load_address>
         <run_address>0x5c1</run_address>
         <size>0x8b</size>
         <input_file_ref idref="fl-4"/>
      </object_component>
      <object_component id="oc-117">
         <name>.debug_abbrev</name>
         <load_address>0x64c</load_address>
         <run_address>0x64c</run_address>
         <size>0x50</size>
         <input_file_ref idref="fl-a"/>
      </object_component>
      <object_component id="oc-84">
         <name>.debug_abbrev</name>
         <load_address>0x69c</load_address>
         <run_address>0x69c</run_address>
         <size>0x37</size>
         <input_file_ref idref="fl-c1"/>
      </object_component>
      <object_component id="oc-3c">
         <name>.debug_abbrev</name>
         <load_address>0x6d3</load_address>
         <run_address>0x6d3</run_address>
         <size>0x74</size>
         <input_file_ref idref="fl-c1"/>
      </object_component>
      <object_component id="oc-3f">
         <name>.debug_abbrev</name>
         <load_address>0x747</load_address>
         <run_address>0x747</run_address>
         <size>0x24</size>
         <input_file_ref idref="fl-c1"/>
      </object_component>
      <object_component id="oc-81">
         <name>.debug_abbrev</name>
         <load_address>0x76b</load_address>
         <run_address>0x76b</run_address>
         <size>0x24</size>
         <input_file_ref idref="fl-c1"/>
      </object_component>
      <object_component id="oc-ca">
         <name>.debug_abbrev</name>
         <load_address>0x78f</load_address>
         <run_address>0x78f</run_address>
         <size>0x37</size>
         <input_file_ref idref="fl-c2"/>
      </object_component>
      <object_component id="oc-2c">
         <name>.debug_abbrev</name>
         <load_address>0x7c6</load_address>
         <run_address>0x7c6</run_address>
         <size>0x6f</size>
         <input_file_ref idref="fl-c2"/>
      </object_component>
      <object_component id="oc-2f">
         <name>.debug_abbrev</name>
         <load_address>0x835</load_address>
         <run_address>0x835</run_address>
         <size>0x24</size>
         <input_file_ref idref="fl-c2"/>
      </object_component>
      <object_component id="oc-c7">
         <name>.debug_abbrev</name>
         <load_address>0x859</load_address>
         <run_address>0x859</run_address>
         <size>0x35</size>
         <input_file_ref idref="fl-c2"/>
      </object_component>
      <object_component id="oc-7a">
         <name>.debug_abbrev</name>
         <load_address>0x88e</load_address>
         <run_address>0x88e</run_address>
         <size>0x24</size>
         <input_file_ref idref="fl-c2"/>
      </object_component>
      <object_component id="oc-76">
         <name>.debug_abbrev</name>
         <load_address>0x8b2</load_address>
         <run_address>0x8b2</run_address>
         <size>0x29</size>
         <input_file_ref idref="fl-c3"/>
      </object_component>
      <object_component id="oc-9c">
         <name>.debug_abbrev</name>
         <load_address>0x8db</load_address>
         <run_address>0x8db</run_address>
         <size>0x55</size>
         <input_file_ref idref="fl-c3"/>
      </object_component>
      <object_component id="oc-7e">
         <name>.debug_abbrev</name>
         <load_address>0x930</load_address>
         <run_address>0x930</run_address>
         <size>0x3e</size>
         <input_file_ref idref="fl-c4"/>
      </object_component>
      <object_component id="oc-168">
         <name>.debug_abbrev</name>
         <load_address>0x96e</load_address>
         <run_address>0x96e</run_address>
         <size>0xc0</size>
         <input_file_ref idref="fl-c6"/>
      </object_component>
      <object_component id="oc-131">
         <name>.debug_abbrev</name>
         <load_address>0xa2e</load_address>
         <run_address>0xa2e</run_address>
         <size>0x7e</size>
         <input_file_ref idref="fl-c6"/>
      </object_component>
      <object_component id="oc-16c">
         <name>.debug_abbrev</name>
         <load_address>0xaac</load_address>
         <run_address>0xaac</run_address>
         <size>0x24</size>
         <input_file_ref idref="fl-c6"/>
      </object_component>
      <object_component id="oc-180">
         <name>.debug_abbrev</name>
         <load_address>0xad0</load_address>
         <run_address>0xad0</run_address>
         <size>0x24</size>
         <input_file_ref idref="fl-c6"/>
      </object_component>
      <object_component id="oc-171">
         <name>.debug_abbrev</name>
         <load_address>0xaf4</load_address>
         <run_address>0xaf4</run_address>
         <size>0x24</size>
         <input_file_ref idref="fl-c6"/>
      </object_component>
      <object_component id="oc-176">
         <name>.debug_abbrev</name>
         <load_address>0xb18</load_address>
         <run_address>0xb18</run_address>
         <size>0x4b</size>
         <input_file_ref idref="fl-c6"/>
      </object_component>
      <object_component id="oc-d4">
         <name>.debug_abbrev</name>
         <load_address>0xb63</load_address>
         <run_address>0xb63</run_address>
         <size>0x55</size>
         <input_file_ref idref="fl-c7"/>
      </object_component>
      <object_component id="oc-127">
         <name>.debug_abbrev</name>
         <load_address>0xbb8</load_address>
         <run_address>0xbb8</run_address>
         <size>0x45</size>
         <input_file_ref idref="fl-c9"/>
      </object_component>
      <object_component id="oc-1bf">
         <name>.debug_abbrev</name>
         <load_address>0xbfd</load_address>
         <run_address>0xbfd</run_address>
         <size>0xf</size>
      </object_component>
      <object_component id="oc-14f">
         <name>.debug_str</name>
         <load_address>0x0</load_address>
         <run_address>0x0</run_address>
         <size>0x9d</size>
         <input_file_ref idref="fl-2"/>
      </object_component>
      <object_component id="oc-159">
         <name>.debug_str</name>
         <load_address>0x9d</load_address>
         <run_address>0x9d</run_address>
         <size>0x472</size>
         <input_file_ref idref="fl-2"/>
      </object_component>
      <object_component id="oc-154">
         <name>.debug_str</name>
         <load_address>0x50f</load_address>
         <run_address>0x50f</run_address>
         <size>0x15b6</size>
         <input_file_ref idref="fl-2"/>
      </object_component>
      <object_component id="oc-c4">
         <name>.debug_str</name>
         <load_address>0x1ac5</load_address>
         <run_address>0x1ac5</run_address>
         <size>0x29d</size>
         <input_file_ref idref="fl-2"/>
      </object_component>
      <object_component id="oc-126">
         <name>.debug_str</name>
         <load_address>0x1d62</load_address>
         <run_address>0x1d62</run_address>
         <size>0xfd</size>
         <input_file_ref idref="fl-2"/>
      </object_component>
      <object_component id="oc-121">
         <name>.debug_str</name>
         <load_address>0x1e5f</load_address>
         <run_address>0x1e5f</run_address>
         <size>0x333</size>
         <input_file_ref idref="fl-2"/>
      </object_component>
      <object_component id="oc-bd">
         <name>.debug_str</name>
         <load_address>0x2192</load_address>
         <run_address>0x2192</run_address>
         <size>0x135</size>
         <input_file_ref idref="fl-2"/>
      </object_component>
      <object_component id="oc-36">
         <name>.debug_str</name>
         <load_address>0x22c7</load_address>
         <run_address>0x22c7</run_address>
         <size>0xfd</size>
         <input_file_ref idref="fl-3"/>
      </object_component>
      <object_component id="oc-41">
         <name>.debug_str</name>
         <load_address>0x23c4</load_address>
         <run_address>0x23c4</run_address>
         <size>0x10b</size>
         <input_file_ref idref="fl-c1"/>
      </object_component>
      <object_component id="oc-83">
         <name>.debug_str</name>
         <load_address>0x24cf</load_address>
         <run_address>0x24cf</run_address>
         <size>0x140</size>
         <input_file_ref idref="fl-c1"/>
      </object_component>
      <object_component id="oc-31">
         <name>.debug_str</name>
         <load_address>0x260f</load_address>
         <run_address>0x260f</run_address>
         <size>0x118</size>
         <input_file_ref idref="fl-c2"/>
      </object_component>
      <object_component id="oc-c9">
         <name>.debug_str</name>
         <load_address>0x2727</load_address>
         <run_address>0x2727</run_address>
         <size>0x16b</size>
         <input_file_ref idref="fl-c2"/>
      </object_component>
      <object_component id="oc-7c">
         <name>.debug_str</name>
         <load_address>0x2892</load_address>
         <run_address>0x2892</run_address>
         <size>0x158</size>
         <input_file_ref idref="fl-c2"/>
      </object_component>
      <object_component id="oc-16e">
         <name>.debug_str</name>
         <load_address>0x29ea</load_address>
         <run_address>0x29ea</run_address>
         <size>0xed</size>
         <input_file_ref idref="fl-c6"/>
      </object_component>
      <object_component id="oc-182">
         <name>.debug_str</name>
         <load_address>0x2ad7</load_address>
         <run_address>0x2ad7</run_address>
         <size>0x157</size>
         <input_file_ref idref="fl-c6"/>
      </object_component>
      <object_component id="oc-173">
         <name>.debug_str</name>
         <load_address>0x2c2e</load_address>
         <run_address>0x2c2e</run_address>
         <size>0x150</size>
         <input_file_ref idref="fl-c6"/>
      </object_component>
      <object_component id="oc-178">
         <name>.debug_str</name>
         <load_address>0x2d7e</load_address>
         <run_address>0x2d7e</run_address>
         <size>0x197</size>
         <input_file_ref idref="fl-c6"/>
      </object_component>
      <object_component id="oc-71">
         <name>.debug_aranges</name>
         <load_address>0x0</load_address>
         <run_address>0x0</run_address>
         <size>0x88</size>
         <input_file_ref idref="fl-2"/>
      </object_component>
      <object_component id="oc-6a">
         <name>.debug_aranges</name>
         <load_address>0x88</load_address>
         <run_address>0x88</run_address>
         <size>0x28</size>
         <input_file_ref idref="fl-3"/>
      </object_component>
      <object_component id="oc-a9">
         <name>.debug_aranges</name>
         <load_address>0xb0</load_address>
         <run_address>0xb0</run_address>
         <size>0x28</size>
         <input_file_ref idref="fl-4"/>
      </object_component>
      <object_component id="oc-b1">
         <name>.debug_aranges</name>
         <load_address>0xd8</load_address>
         <run_address>0xd8</run_address>
         <size>0x28</size>
         <input_file_ref idref="fl-a"/>
      </object_component>
      <object_component id="oc-20">
         <name>.debug_aranges</name>
         <load_address>0x100</load_address>
         <run_address>0x100</run_address>
         <size>0x20</size>
         <input_file_ref idref="fl-c1"/>
      </object_component>
      <object_component id="oc-1c">
         <name>.debug_aranges</name>
         <load_address>0x120</load_address>
         <run_address>0x120</run_address>
         <size>0x20</size>
         <input_file_ref idref="fl-c2"/>
      </object_component>
      <object_component id="oc-57">
         <name>.debug_aranges</name>
         <load_address>0x140</load_address>
         <run_address>0x140</run_address>
         <size>0x20</size>
         <input_file_ref idref="fl-c3"/>
      </object_component>
      <object_component id="oc-39">
         <name>.debug_aranges</name>
         <load_address>0x160</load_address>
         <run_address>0x160</run_address>
         <size>0x20</size>
         <input_file_ref idref="fl-c4"/>
      </object_component>
      <object_component id="oc-e6">
         <name>.debug_aranges</name>
         <load_address>0x180</load_address>
         <run_address>0x180</run_address>
         <size>0x20</size>
         <input_file_ref idref="fl-c6"/>
      </object_component>
      <object_component id="oc-95">
         <name>.debug_aranges</name>
         <load_address>0x1a0</load_address>
         <run_address>0x1a0</run_address>
         <size>0x20</size>
         <input_file_ref idref="fl-c7"/>
      </object_component>
      <object_component id="oc-da">
         <name>.debug_aranges</name>
         <load_address>0x1c0</load_address>
         <run_address>0x1c0</run_address>
         <size>0x20</size>
         <input_file_ref idref="fl-c9"/>
      </object_component>
      <object_component id="oc-b7">
         <name>.debug_pubnames</name>
         <load_address>0x0</load_address>
         <run_address>0x0</run_address>
         <size>0x6a</size>
         <input_file_ref idref="fl-2"/>
      </object_component>
      <object_component id="oc-b4">
         <name>.debug_pubnames</name>
         <load_address>0x6a</load_address>
         <run_address>0x6a</run_address>
         <size>0x25</size>
         <input_file_ref idref="fl-2"/>
      </object_component>
      <object_component id="oc-70">
         <name>.debug_pubnames</name>
         <load_address>0x8f</load_address>
         <run_address>0x8f</run_address>
         <size>0x11d</size>
         <input_file_ref idref="fl-2"/>
      </object_component>
      <object_component id="oc-28">
         <name>.debug_pubnames</name>
         <load_address>0x1ac</load_address>
         <run_address>0x1ac</run_address>
         <size>0x27</size>
         <input_file_ref idref="fl-3"/>
      </object_component>
      <object_component id="oc-69">
         <name>.debug_pubnames</name>
         <load_address>0x1d3</load_address>
         <run_address>0x1d3</run_address>
         <size>0x38</size>
         <input_file_ref idref="fl-3"/>
      </object_component>
      <object_component id="oc-115">
         <name>.debug_pubnames</name>
         <load_address>0x20b</load_address>
         <run_address>0x20b</run_address>
         <size>0x26</size>
         <input_file_ref idref="fl-4"/>
      </object_component>
      <object_component id="oc-a8">
         <name>.debug_pubnames</name>
         <load_address>0x231</load_address>
         <run_address>0x231</run_address>
         <size>0x3b</size>
         <input_file_ref idref="fl-4"/>
      </object_component>
      <object_component id="oc-b0">
         <name>.debug_pubnames</name>
         <load_address>0x26c</load_address>
         <run_address>0x26c</run_address>
         <size>0x38</size>
         <input_file_ref idref="fl-a"/>
      </object_component>
      <object_component id="oc-22">
         <name>.debug_pubnames</name>
         <load_address>0x2a4</load_address>
         <run_address>0x2a4</run_address>
         <size>0x2b</size>
         <input_file_ref idref="fl-c1"/>
      </object_component>
      <object_component id="oc-1b">
         <name>.debug_pubnames</name>
         <load_address>0x2cf</load_address>
         <run_address>0x2cf</run_address>
         <size>0x2b</size>
         <input_file_ref idref="fl-c2"/>
      </object_component>
      <object_component id="oc-2b">
         <name>.debug_pubnames</name>
         <load_address>0x2fa</load_address>
         <run_address>0x2fa</run_address>
         <size>0x1e</size>
         <input_file_ref idref="fl-c3"/>
      </object_component>
      <object_component id="oc-59">
         <name>.debug_pubnames</name>
         <load_address>0x318</load_address>
         <run_address>0x318</run_address>
         <size>0x26</size>
         <input_file_ref idref="fl-c3"/>
      </object_component>
      <object_component id="oc-3b">
         <name>.debug_pubnames</name>
         <load_address>0x33e</load_address>
         <run_address>0x33e</run_address>
         <size>0x1d</size>
         <input_file_ref idref="fl-c4"/>
      </object_component>
      <object_component id="oc-e5">
         <name>.debug_pubnames</name>
         <load_address>0x35b</load_address>
         <run_address>0x35b</run_address>
         <size>0x35</size>
         <input_file_ref idref="fl-c6"/>
      </object_component>
      <object_component id="oc-97">
         <name>.debug_pubnames</name>
         <load_address>0x390</load_address>
         <run_address>0x390</run_address>
         <size>0x27</size>
         <input_file_ref idref="fl-c7"/>
      </object_component>
      <object_component id="oc-d9">
         <name>.debug_pubnames</name>
         <load_address>0x3b7</load_address>
         <run_address>0x3b7</run_address>
         <size>0x1c</size>
         <input_file_ref idref="fl-c9"/>
      </object_component>
      <object_component id="oc-14c">
         <name>.debug_pubtypes</name>
         <load_address>0x0</load_address>
         <run_address>0x0</run_address>
         <size>0x1e</size>
         <input_file_ref idref="fl-2"/>
      </object_component>
      <object_component id="oc-156">
         <name>.debug_pubtypes</name>
         <load_address>0x1e</load_address>
         <run_address>0x1e</run_address>
         <size>0xdd</size>
         <input_file_ref idref="fl-2"/>
      </object_component>
      <object_component id="oc-151">
         <name>.debug_pubtypes</name>
         <load_address>0xfb</load_address>
         <run_address>0xfb</run_address>
         <size>0x2ce</size>
         <input_file_ref idref="fl-2"/>
      </object_component>
      <object_component id="oc-c1">
         <name>.debug_pubtypes</name>
         <load_address>0x3c9</load_address>
         <run_address>0x3c9</run_address>
         <size>0x25c</size>
         <input_file_ref idref="fl-2"/>
      </object_component>
      <object_component id="oc-123">
         <name>.debug_pubtypes</name>
         <load_address>0x625</load_address>
         <run_address>0x625</run_address>
         <size>0xff</size>
         <input_file_ref idref="fl-2"/>
      </object_component>
      <object_component id="oc-11e">
         <name>.debug_pubtypes</name>
         <load_address>0x724</load_address>
         <run_address>0x724</run_address>
         <size>0x330</size>
         <input_file_ref idref="fl-2"/>
      </object_component>
      <object_component id="oc-ba">
         <name>.debug_pubtypes</name>
         <load_address>0xa54</load_address>
         <run_address>0xa54</run_address>
         <size>0xaa</size>
         <input_file_ref idref="fl-2"/>
      </object_component>
      <object_component id="oc-33">
         <name>.debug_pubtypes</name>
         <load_address>0xafe</load_address>
         <run_address>0xafe</run_address>
         <size>0xed</size>
         <input_file_ref idref="fl-3"/>
      </object_component>
      <object_component id="oc-3e">
         <name>.debug_pubtypes</name>
         <load_address>0xbeb</load_address>
         <run_address>0xbeb</run_address>
         <size>0x48</size>
         <input_file_ref idref="fl-c1"/>
      </object_component>
      <object_component id="oc-80">
         <name>.debug_pubtypes</name>
         <load_address>0xc33</load_address>
         <run_address>0xc33</run_address>
         <size>0x1d</size>
         <input_file_ref idref="fl-c1"/>
      </object_component>
      <object_component id="oc-2e">
         <name>.debug_pubtypes</name>
         <load_address>0xc50</load_address>
         <run_address>0xc50</run_address>
         <size>0x5d</size>
         <input_file_ref idref="fl-c2"/>
      </object_component>
      <object_component id="oc-c6">
         <name>.debug_pubtypes</name>
         <load_address>0xcad</load_address>
         <run_address>0xcad</run_address>
         <size>0x48</size>
         <input_file_ref idref="fl-c2"/>
      </object_component>
      <object_component id="oc-79">
         <name>.debug_pubtypes</name>
         <load_address>0xcf5</load_address>
         <run_address>0xcf5</run_address>
         <size>0x35</size>
         <input_file_ref idref="fl-c2"/>
      </object_component>
      <object_component id="oc-16b">
         <name>.debug_pubtypes</name>
         <load_address>0xd2a</load_address>
         <run_address>0xd2a</run_address>
         <size>0x32</size>
         <input_file_ref idref="fl-c6"/>
      </object_component>
      <object_component id="oc-17f">
         <name>.debug_pubtypes</name>
         <load_address>0xd5c</load_address>
         <run_address>0xd5c</run_address>
         <size>0x30</size>
         <input_file_ref idref="fl-c6"/>
      </object_component>
      <object_component id="oc-170">
         <name>.debug_pubtypes</name>
         <load_address>0xd8c</load_address>
         <run_address>0xd8c</run_address>
         <size>0x2c</size>
         <input_file_ref idref="fl-c6"/>
      </object_component>
      <object_component id="oc-175">
         <name>.debug_pubtypes</name>
         <load_address>0xdb8</load_address>
         <run_address>0xdb8</run_address>
         <size>0x50</size>
         <input_file_ref idref="fl-c6"/>
      </object_component>
   </object_component_list>
   <logical_group_list>
      <logical_group id="lg-3" display="no" color="cyan">
         <name>.intvecs</name>
         <load_address>0x0</load_address>
         <run_address>0x0</run_address>
         <size>0xe4</size>
         <contents>
            <object_component_ref idref="oc-26"/>
         </contents>
      </logical_group>
      <logical_group id="lg-4" display="no" color="cyan">
         <name>.text</name>
         <load_address>0xe4</load_address>
         <run_address>0xe4</run_address>
         <size>0xb6c</size>
         <contents>
            <object_component_ref idref="oc-6d"/>
            <object_component_ref idref="oc-a5"/>
            <object_component_ref idref="oc-37"/>
            <object_component_ref idref="oc-ac"/>
            <object_component_ref idref="oc-17"/>
            <object_component_ref idref="oc-e1"/>
            <object_component_ref idref="oc-55"/>
            <object_component_ref idref="oc-1d"/>
            <object_component_ref idref="oc-67"/>
            <object_component_ref idref="oc-93"/>
            <object_component_ref idref="oc-d5"/>
         </contents>
      </logical_group>
      <logical_group id="lg-5" display="no" color="cyan">
         <name>.const</name>
         <run_address>0x0</run_address>
         <size>0x0</size>
         <contents>
         </contents>
      </logical_group>
      <logical_group id="lg-6" display="no" color="cyan">
         <name>.cinit</name>
         <load_address>0xc50</load_address>
         <run_address>0xc50</run_address>
         <size>0x38</size>
         <contents>
            <object_component_ref idref="oc-1bb"/>
            <object_component_ref idref="oc-1b9"/>
            <object_component_ref idref="oc-1ba"/>
         </contents>
      </logical_group>
      <logical_group id="lg-7" display="no" color="cyan">
         <name>.pinit</name>
         <run_address>0x0</run_address>
         <size>0x0</size>
         <contents>
         </contents>
      </logical_group>
      <logical_group id="lg-8" display="no" color="cyan">
         <name>.init_array</name>
         <run_address>0x0</run_address>
         <size>0x0</size>
         <contents>
         </contents>
      </logical_group>
      <logical_group id="lg-9" display="no" color="cyan">
         <name>.binit</name>
         <load_address>0x0</load_address>
         <run_address>0x0</run_address>
         <size>0x0</size>
         <contents>
            <object_component_ref idref="oc-18d"/>
         </contents>
      </logical_group>
      <logical_group id="lg-a" display="no" color="cyan">
         <name>.flashMailbox</name>
         <run_address>0x0</run_address>
         <size>0x0</size>
         <contents>
         </contents>
      </logical_group>
      <logical_group id="lg-b" display="no" color="cyan">
         <name>.tlvTable</name>
         <run_address>0x0</run_address>
         <size>0x0</size>
         <contents>
         </contents>
      </logical_group>
      <logical_group id="lg-c" display="no" color="cyan">
         <name>.bslArea</name>
         <run_address>0x0</run_address>
         <size>0x0</size>
         <contents>
         </contents>
      </logical_group>
      <logical_group id="lg-d" display="no" color="cyan">
         <name>.vtable</name>
         <run_address>0x0</run_address>
         <size>0x0</size>
         <contents>
         </contents>
      </logical_group>
      <logical_group id="lg-e" display="no" color="cyan">
         <name>.data</name>
         <run_address>0x20000000</run_address>
         <size>0x24</size>
         <contents>
            <object_component_ref idref="oc-b5"/>
            <object_component_ref idref="oc-b2"/>
            <object_component_ref idref="oc-113"/>
         </contents>
      </logical_group>
      <logical_group id="lg-f" display="no" color="cyan">
         <name>.bss</name>
         <run_address>0x0</run_address>
         <size>0x0</size>
         <contents>
         </contents>
      </logical_group>
      <logical_group id="lg-10" display="no" color="cyan">
         <name>.sysmem</name>
         <run_address>0x0</run_address>
         <size>0x0</size>
         <contents>
         </contents>
      </logical_group>
      <logical_group id="lg-11" display="no" color="cyan">
         <name>.stack</name>
         <run_address>0x2000fe00</run_address>
         <size>0x200</size>
         <contents>
            <object_component_ref idref="oc-29"/>
            <object_component_ref idref="oc-1bd"/>
         </contents>
      </logical_group>
      <logical_group id="lg-12" display="no" color="cyan">
         <name>.TI.ramfunc</name>
         <run_address>0x0</run_address>
         <size>0x0</size>
         <contents>
         </contents>
      </logical_group>
      <logical_group id="lg-18a" display="no" color="cyan">
         <name>.TI.noinit</name>
         <run_address>0x0</run_address>
         <size>0x0</size>
         <contents>
         </contents>
      </logical_group>
      <logical_group id="lg-18b" display="no" color="cyan">
         <name>.TI.persistent</name>
         <run_address>0x0</run_address>
         <size>0x0</size>
         <contents>
         </contents>
      </logical_group>
      <logical_group id="lg-18c" display="no" color="cyan">
         <name>__llvm_prf_cnts</name>
         <run_address>0x20000000</run_address>
         <size>0x0</size>
         <contents>
         </contents>
      </logical_group>
      <logical_group id="lg-1a1" display="never" color="cyan">
         <name>.debug_info</name>
         <load_address>0x0</load_address>
         <run_address>0x0</run_address>
         <size>0x80dd</size>
         <contents>
            <object_component_ref idref="oc-11a"/>
            <object_component_ref idref="oc-b6"/>
            <object_component_ref idref="oc-b3"/>
            <object_component_ref idref="oc-6f"/>
            <object_component_ref idref="oc-14b"/>
            <object_component_ref idref="oc-155"/>
            <object_component_ref idref="oc-150"/>
            <object_component_ref idref="oc-c0"/>
            <object_component_ref idref="oc-122"/>
            <object_component_ref idref="oc-11d"/>
            <object_component_ref idref="oc-b9"/>
            <object_component_ref idref="oc-75"/>
            <object_component_ref idref="oc-27"/>
            <object_component_ref idref="oc-68"/>
            <object_component_ref idref="oc-32"/>
            <object_component_ref idref="oc-114"/>
            <object_component_ref idref="oc-a7"/>
            <object_component_ref idref="oc-af"/>
            <object_component_ref idref="oc-42"/>
            <object_component_ref idref="oc-21"/>
            <object_component_ref idref="oc-3d"/>
            <object_component_ref idref="oc-7f"/>
            <object_component_ref idref="oc-7d"/>
            <object_component_ref idref="oc-1a"/>
            <object_component_ref idref="oc-2d"/>
            <object_component_ref idref="oc-c5"/>
            <object_component_ref idref="oc-78"/>
            <object_component_ref idref="oc-2a"/>
            <object_component_ref idref="oc-58"/>
            <object_component_ref idref="oc-3a"/>
            <object_component_ref idref="oc-132"/>
            <object_component_ref idref="oc-e4"/>
            <object_component_ref idref="oc-16a"/>
            <object_component_ref idref="oc-17e"/>
            <object_component_ref idref="oc-16f"/>
            <object_component_ref idref="oc-174"/>
            <object_component_ref idref="oc-96"/>
            <object_component_ref idref="oc-d8"/>
            <object_component_ref idref="oc-1be"/>
         </contents>
      </logical_group>
      <logical_group id="lg-1a3" display="never" color="cyan">
         <name>.debug_line</name>
         <load_address>0x0</load_address>
         <run_address>0x0</run_address>
         <size>0x1059</size>
         <contents>
            <object_component_ref idref="oc-14a"/>
            <object_component_ref idref="oc-11c"/>
            <object_component_ref idref="oc-119"/>
            <object_component_ref idref="oc-6e"/>
            <object_component_ref idref="oc-14e"/>
            <object_component_ref idref="oc-158"/>
            <object_component_ref idref="oc-153"/>
            <object_component_ref idref="oc-c3"/>
            <object_component_ref idref="oc-125"/>
            <object_component_ref idref="oc-120"/>
            <object_component_ref idref="oc-bc"/>
            <object_component_ref idref="oc-bf"/>
            <object_component_ref idref="oc-74"/>
            <object_component_ref idref="oc-6b"/>
            <object_component_ref idref="oc-35"/>
            <object_component_ref idref="oc-148"/>
            <object_component_ref idref="oc-a6"/>
            <object_component_ref idref="oc-ae"/>
            <object_component_ref idref="oc-85"/>
            <object_component_ref idref="oc-1e"/>
            <object_component_ref idref="oc-40"/>
            <object_component_ref idref="oc-82"/>
            <object_component_ref idref="oc-cb"/>
            <object_component_ref idref="oc-19"/>
            <object_component_ref idref="oc-30"/>
            <object_component_ref idref="oc-c8"/>
            <object_component_ref idref="oc-7b"/>
            <object_component_ref idref="oc-77"/>
            <object_component_ref idref="oc-5a"/>
            <object_component_ref idref="oc-38"/>
            <object_component_ref idref="oc-169"/>
            <object_component_ref idref="oc-e2"/>
            <object_component_ref idref="oc-16d"/>
            <object_component_ref idref="oc-181"/>
            <object_component_ref idref="oc-172"/>
            <object_component_ref idref="oc-177"/>
            <object_component_ref idref="oc-94"/>
            <object_component_ref idref="oc-d6"/>
         </contents>
      </logical_group>
      <logical_group id="lg-1a5" display="never" color="cyan">
         <name>.debug_frame</name>
         <load_address>0x0</load_address>
         <run_address>0x0</run_address>
         <size>0x4c6</size>
         <contents>
            <object_component_ref idref="oc-72"/>
            <object_component_ref idref="oc-6c"/>
            <object_component_ref idref="oc-aa"/>
            <object_component_ref idref="oc-ad"/>
            <object_component_ref idref="oc-1f"/>
            <object_component_ref idref="oc-18"/>
            <object_component_ref idref="oc-56"/>
            <object_component_ref idref="oc-e3"/>
            <object_component_ref idref="oc-98"/>
            <object_component_ref idref="oc-d7"/>
         </contents>
      </logical_group>
      <logical_group id="lg-1a7" display="never" color="cyan">
         <name>.debug_abbrev</name>
         <load_address>0x0</load_address>
         <run_address>0x0</run_address>
         <size>0xc0c</size>
         <contents>
            <object_component_ref idref="oc-149"/>
            <object_component_ref idref="oc-11b"/>
            <object_component_ref idref="oc-118"/>
            <object_component_ref idref="oc-b8"/>
            <object_component_ref idref="oc-14d"/>
            <object_component_ref idref="oc-157"/>
            <object_component_ref idref="oc-152"/>
            <object_component_ref idref="oc-c2"/>
            <object_component_ref idref="oc-124"/>
            <object_component_ref idref="oc-11f"/>
            <object_component_ref idref="oc-bb"/>
            <object_component_ref idref="oc-be"/>
            <object_component_ref idref="oc-73"/>
            <object_component_ref idref="oc-ab"/>
            <object_component_ref idref="oc-34"/>
            <object_component_ref idref="oc-147"/>
            <object_component_ref idref="oc-116"/>
            <object_component_ref idref="oc-117"/>
            <object_component_ref idref="oc-84"/>
            <object_component_ref idref="oc-3c"/>
            <object_component_ref idref="oc-3f"/>
            <object_component_ref idref="oc-81"/>
            <object_component_ref idref="oc-ca"/>
            <object_component_ref idref="oc-2c"/>
            <object_component_ref idref="oc-2f"/>
            <object_component_ref idref="oc-c7"/>
            <object_component_ref idref="oc-7a"/>
            <object_component_ref idref="oc-76"/>
            <object_component_ref idref="oc-9c"/>
            <object_component_ref idref="oc-7e"/>
            <object_component_ref idref="oc-168"/>
            <object_component_ref idref="oc-131"/>
            <object_component_ref idref="oc-16c"/>
            <object_component_ref idref="oc-180"/>
            <object_component_ref idref="oc-171"/>
            <object_component_ref idref="oc-176"/>
            <object_component_ref idref="oc-d4"/>
            <object_component_ref idref="oc-127"/>
            <object_component_ref idref="oc-1bf"/>
         </contents>
      </logical_group>
      <logical_group id="lg-1a9" display="never" color="cyan">
         <name>.debug_str</name>
         <load_address>0x0</load_address>
         <run_address>0x0</run_address>
         <size>0x2f15</size>
         <contents>
            <object_component_ref idref="oc-14f"/>
            <object_component_ref idref="oc-159"/>
            <object_component_ref idref="oc-154"/>
            <object_component_ref idref="oc-c4"/>
            <object_component_ref idref="oc-126"/>
            <object_component_ref idref="oc-121"/>
            <object_component_ref idref="oc-bd"/>
            <object_component_ref idref="oc-36"/>
            <object_component_ref idref="oc-41"/>
            <object_component_ref idref="oc-83"/>
            <object_component_ref idref="oc-31"/>
            <object_component_ref idref="oc-c9"/>
            <object_component_ref idref="oc-7c"/>
            <object_component_ref idref="oc-16e"/>
            <object_component_ref idref="oc-182"/>
            <object_component_ref idref="oc-173"/>
            <object_component_ref idref="oc-178"/>
         </contents>
      </logical_group>
      <logical_group id="lg-1ab" display="never" color="cyan">
         <name>.debug_aranges</name>
         <load_address>0x0</load_address>
         <run_address>0x0</run_address>
         <size>0x1e0</size>
         <contents>
            <object_component_ref idref="oc-71"/>
            <object_component_ref idref="oc-6a"/>
            <object_component_ref idref="oc-a9"/>
            <object_component_ref idref="oc-b1"/>
            <object_component_ref idref="oc-20"/>
            <object_component_ref idref="oc-1c"/>
            <object_component_ref idref="oc-57"/>
            <object_component_ref idref="oc-39"/>
            <object_component_ref idref="oc-e6"/>
            <object_component_ref idref="oc-95"/>
            <object_component_ref idref="oc-da"/>
         </contents>
      </logical_group>
      <logical_group id="lg-1ad" display="never" color="cyan">
         <name>.debug_pubnames</name>
         <load_address>0x0</load_address>
         <run_address>0x0</run_address>
         <size>0x3d3</size>
         <contents>
            <object_component_ref idref="oc-b7"/>
            <object_component_ref idref="oc-b4"/>
            <object_component_ref idref="oc-70"/>
            <object_component_ref idref="oc-28"/>
            <object_component_ref idref="oc-69"/>
            <object_component_ref idref="oc-115"/>
            <object_component_ref idref="oc-a8"/>
            <object_component_ref idref="oc-b0"/>
            <object_component_ref idref="oc-22"/>
            <object_component_ref idref="oc-1b"/>
            <object_component_ref idref="oc-2b"/>
            <object_component_ref idref="oc-59"/>
            <object_component_ref idref="oc-3b"/>
            <object_component_ref idref="oc-e5"/>
            <object_component_ref idref="oc-97"/>
            <object_component_ref idref="oc-d9"/>
         </contents>
      </logical_group>
      <logical_group id="lg-1af" display="never" color="cyan">
         <name>.debug_pubtypes</name>
         <load_address>0x0</load_address>
         <run_address>0x0</run_address>
         <size>0xe08</size>
         <contents>
            <object_component_ref idref="oc-14c"/>
            <object_component_ref idref="oc-156"/>
            <object_component_ref idref="oc-151"/>
            <object_component_ref idref="oc-c1"/>
            <object_component_ref idref="oc-123"/>
            <object_component_ref idref="oc-11e"/>
            <object_component_ref idref="oc-ba"/>
            <object_component_ref idref="oc-33"/>
            <object_component_ref idref="oc-3e"/>
            <object_component_ref idref="oc-80"/>
            <object_component_ref idref="oc-2e"/>
            <object_component_ref idref="oc-c6"/>
            <object_component_ref idref="oc-79"/>
            <object_component_ref idref="oc-16b"/>
            <object_component_ref idref="oc-17f"/>
            <object_component_ref idref="oc-170"/>
            <object_component_ref idref="oc-175"/>
         </contents>
      </logical_group>
      <logical_group id="lg-1bc" display="no" color="cyan">
         <name>Veneer$$CMSE</name>
         <run_address>0x0</run_address>
         <size>0x0</size>
         <contents>
         </contents>
      </logical_group>
      <load_segment id="lg-1c1" display="no" color="cyan">
         <name>SEGMENT_0</name>
         <load_address>0x0</load_address>
         <run_address>0x0</run_address>
         <size>0xc88</size>
         <flags>0x5</flags>
         <contents>
            <logical_group_ref idref="lg-3"/>
            <logical_group_ref idref="lg-4"/>
            <logical_group_ref idref="lg-6"/>
         </contents>
      </load_segment>
      <load_segment id="lg-1c2" display="no" color="cyan">
         <name>SEGMENT_1</name>
         <run_address>0x20000000</run_address>
         <size>0x24</size>
         <flags>0x6</flags>
         <contents>
            <logical_group_ref idref="lg-e"/>
         </contents>
      </load_segment>
      <load_segment id="lg-1c3" display="no" color="cyan">
         <name>SEGMENT_2</name>
         <run_address>0x2000fe00</run_address>
         <size>0x200</size>
         <flags>0x6</flags>
         <contents>
            <logical_group_ref idref="lg-11"/>
         </contents>
      </load_segment>
   </logical_group_list>
   <placement_map>
      <memory_area display="yes" color="green">
         <name>MAIN</name>
         <page_id>0x0</page_id>
         <origin>0x0</origin>
         <length>0x40000</length>
         <used_space>0xc88</used_space>
         <unused_space>0x3f378</unused_space>
         <attributes>RX</attributes>
         <usage_details>
            <allocated_space>
               <start_address>0x0</start_address>
               <size>0x0</size>
               <logical_group_ref idref="lg-9"/>
            </allocated_space>
            <allocated_space>
               <start_address>0x0</start_address>
               <size>0xe4</size>
               <logical_group_ref idref="lg-3"/>
            </allocated_space>
            <allocated_space>
               <start_address>0xe4</start_address>
               <size>0xb6c</size>
               <logical_group_ref idref="lg-4"/>
            </allocated_space>
            <allocated_space>
               <start_address>0xc50</start_address>
               <size>0x38</size>
               <logical_group_ref idref="lg-6"/>
            </allocated_space>
            <available_space>
               <start_address>0xc88</start_address>
               <size>0x3f378</size>
            </available_space>
         </usage_details>
      </memory_area>
      <memory_area display="yes" color="green">
         <name>INFO</name>
         <page_id>0x0</page_id>
         <origin>0x200000</origin>
         <length>0x4000</length>
         <used_space>0x0</used_space>
         <unused_space>0x4000</unused_space>
         <attributes>RX</attributes>
         <usage_details>
         </usage_details>
      </memory_area>
      <memory_area display="yes" color="green">
         <name>SRAM_CODE</name>
         <page_id>0x0</page_id>
         <origin>0x1000000</origin>
         <length>0x10000</length>
         <used_space>0x224</used_space>
         <unused_space>0xfddc</unused_space>
         <attributes>RWX</attributes>
         <usage_details>
            <allocated_space>
               <start_address>0x1000000</start_address>
               <size>0x0</size>
               <logical_group_ref idref="lg-18c"/>
            </allocated_space>
            <allocated_space>
               <start_address>0x1000000</start_address>
               <size>0x24</size>
               <logical_group_ref idref="lg-e"/>
            </allocated_space>
            <available_space>
               <start_address>0x1000024</start_address>
               <size>0xfddc</size>
            </available_space>
            <allocated_space>
               <start_address>0x100fe00</start_address>
               <size>0x200</size>
               <logical_group_ref idref="lg-11"/>
            </allocated_space>
         </usage_details>
      </memory_area>
      <memory_area display="yes" color="green">
         <name>SRAM_DATA</name>
         <page_id>0x0</page_id>
         <origin>0x20000000</origin>
         <length>0x10000</length>
         <used_space>0x224</used_space>
         <unused_space>0xfddc</unused_space>
         <attributes>RW</attributes>
         <usage_details>
            <allocated_space>
               <start_address>0x20000000</start_address>
               <size>0x0</size>
               <logical_group_ref idref="lg-18c"/>
            </allocated_space>
            <allocated_space>
               <start_address>0x20000000</start_address>
               <size>0x24</size>
               <logical_group_ref idref="lg-e"/>
            </allocated_space>
            <available_space>
               <start_address>0x20000024</start_address>
               <size>0xfddc</size>
            </available_space>
            <allocated_space>
               <start_address>0x2000fe00</start_address>
               <size>0x200</size>
               <logical_group_ref idref="lg-11"/>
            </allocated_space>
         </usage_details>
      </memory_area>
   </placement_map>
   <cptbl_list>
      <cptbl>
         <name>__TI_cinit_table</name>
         <cprec>
            <name>.data</name>
            <load_address>0xc50</load_address>
            <load_size>0x26</load_size>
            <run_address>0x20000000</run_address>
            <run_size>0x24</run_size>
            <compression>lzss</compression>
         </cprec>
      </cptbl>
   </cptbl_list>
   <handler_table>
      <handler_table_name>__TI_handler_table</handler_table_name>
      <handler>
         <index>0x0</index>
         <name>__TI_decompress_lzss</name>
      </handler>
      <handler>
         <index>0x1</index>
         <name>__TI_decompress_none</name>
      </handler>
   </handler_table>
   <symbol_table>
      <symbol id="sm-1">
         <name>WDTCTL_SYM</name>
         <value>0x4000480c</value>
      </symbol>
      <symbol id="sm-2">
         <name>__start___llvm_prf_cnts</name>
         <value>0x20000000</value>
      </symbol>
      <symbol id="sm-3">
         <name>__stop___llvm_prf_cnts</name>
         <value>0x20000000</value>
      </symbol>
      <symbol id="sm-4">
         <name>__TI_CINIT_Base</name>
         <value>0xc80</value>
      </symbol>
      <symbol id="sm-5">
         <name>__TI_CINIT_Limit</name>
         <value>0xc88</value>
      </symbol>
      <symbol id="sm-6">
         <name>__TI_Handler_Table_Base</name>
         <value>0xc78</value>
      </symbol>
      <symbol id="sm-7">
         <name>__TI_Handler_Table_Limit</name>
         <value>0xc80</value>
      </symbol>
      <symbol id="sm-8">
         <name>binit</name>
         <value>0xffffffff</value>
      </symbol>
      <symbol id="sm-9">
         <name>__binit__</name>
         <value>0xffffffff</value>
      </symbol>
      <symbol id="sm-a">
         <name>__STACK_SIZE</name>
         <value>0x200</value>
      </symbol>
      <symbol id="sm-b">
         <name>__STACK_END</name>
         <value>0x20010000</value>
      </symbol>
      <symbol id="sm-c">
         <name>__c_args__</name>
         <value>0xffffffff</value>
      </symbol>
      <symbol id="sm-d">
         <name>__TI_pprof_out_hndl</name>
         <value>0xffffffff</value>
      </symbol>
      <symbol id="sm-e">
         <name>__TI_prof_data_start</name>
         <value>0xffffffff</value>
      </symbol>
      <symbol id="sm-f">
         <name>__TI_prof_data_size</name>
         <value>0xffffffff</value>
      </symbol>
      <symbol id="sm-de">
         <name>init_interrupciones</name>
         <value>0xe5</value>
         <object_component_ref idref="oc-6d"/>
      </symbol>
      <symbol id="sm-df">
         <name>init_joystick</name>
         <value>0x2c9</value>
         <object_component_ref idref="oc-6d"/>
      </symbol>
      <symbol id="sm-e0">
         <name>PORT4_IRQHandler</name>
         <value>0x621</value>
         <object_component_ref idref="oc-6d"/>
      </symbol>
      <symbol id="sm-e1">
         <name>estado_joystick</name>
         <value>0x20000014</value>
         <object_component_ref idref="oc-b5"/>
      </symbol>
      <symbol id="sm-e2">
         <name>color_sequence</name>
         <value>0x20000000</value>
         <object_component_ref idref="oc-b2"/>
      </symbol>
      <symbol id="sm-e3">
         <name>pwm_step</name>
         <value>0x20000019</value>
         <object_component_ref idref="oc-b5"/>
      </symbol>
      <symbol id="sm-e4">
         <name>PORT1_IRQHandler</name>
         <value>0x5b5</value>
         <object_component_ref idref="oc-6d"/>
      </symbol>
      <symbol id="sm-e5">
         <name>step</name>
         <value>0x20000015</value>
         <object_component_ref idref="oc-b5"/>
      </symbol>
      <symbol id="sm-e6">
         <name>TA0_0_IRQHandler</name>
         <value>0x509</value>
         <object_component_ref idref="oc-6d"/>
      </symbol>
      <symbol id="sm-e7">
         <name>config_RGB_LEDS</name>
         <value>0x1ad</value>
         <object_component_ref idref="oc-6d"/>
      </symbol>
      <symbol id="sm-e8">
         <name>init_botons</name>
         <value>0x14b</value>
         <object_component_ref idref="oc-6d"/>
      </symbol>
      <symbol id="sm-e9">
         <name>main</name>
         <value>0x4a5</value>
         <object_component_ref idref="oc-6d"/>
      </symbol>
      <symbol id="sm-ea">
         <name>current_stage</name>
         <value>0x20000016</value>
         <object_component_ref idref="oc-b5"/>
      </symbol>
      <symbol id="sm-eb">
         <name>cnt_max_T1</name>
         <value>0x20000017</value>
         <object_component_ref idref="oc-b5"/>
      </symbol>
      <symbol id="sm-ec">
         <name>config_RGB_LEDS_joytsick</name>
         <value>0x207</value>
         <object_component_ref idref="oc-6d"/>
      </symbol>
      <symbol id="sm-ed">
         <name>update_RGB</name>
         <value>0x431</value>
         <object_component_ref idref="oc-6d"/>
      </symbol>
      <symbol id="sm-ee">
         <name>init_timers</name>
         <value>0x291</value>
         <object_component_ref idref="oc-6d"/>
      </symbol>
      <symbol id="sm-ef">
         <name>PORT5_IRQHandler</name>
         <value>0x685</value>
         <object_component_ref idref="oc-6d"/>
      </symbol>
      <symbol id="sm-f0">
         <name>update_PWM</name>
         <value>0x363</value>
         <object_component_ref idref="oc-6d"/>
      </symbol>
      <symbol id="sm-f1">
         <name>TA1_0_IRQHandler</name>
         <value>0x55d</value>
         <object_component_ref idref="oc-6d"/>
      </symbol>
      <symbol id="sm-f2">
         <name>pwm_duty</name>
         <value>0x20000018</value>
         <object_component_ref idref="oc-b5"/>
      </symbol>
      <symbol id="sm-10c">
         <name>Reset_Handler</name>
         <value>0xc3b</value>
         <object_component_ref idref="oc-67"/>
      </symbol>
      <symbol id="sm-10d">
         <name>Default_Handler</name>
         <value>0xc47</value>
         <object_component_ref idref="oc-67"/>
      </symbol>
      <symbol id="sm-10e">
         <name>interruptVectors</name>
         <value>0x0</value>
         <object_component_ref idref="oc-26"/>
      </symbol>
      <symbol id="sm-156">
         <name>SystemInit</name>
         <value>0x97d</value>
         <object_component_ref idref="oc-a5"/>
      </symbol>
      <symbol id="sm-157">
         <name>SystemCoreClockUpdate</name>
         <value>0x705</value>
         <object_component_ref idref="oc-a5"/>
      </symbol>
      <symbol id="sm-158">
         <name>SystemCoreClock</name>
         <value>0x20000020</value>
         <object_component_ref idref="oc-113"/>
      </symbol>
      <symbol id="sm-16b">
         <name>init_ucs_16MHz</name>
         <value>0xad5</value>
         <object_component_ref idref="oc-ac"/>
      </symbol>
      <symbol id="sm-16c">
         <name>init_ucs_24MHz</name>
         <value>0xb0d</value>
         <object_component_ref idref="oc-ac"/>
      </symbol>
      <symbol id="sm-184">
         <name>__TI_decompress_none</name>
         <value>0xc2d</value>
         <object_component_ref idref="oc-1d"/>
      </symbol>
      <symbol id="sm-1a7">
         <name>__TI_decompress_lzss</name>
         <value>0xb4d</value>
         <object_component_ref idref="oc-17"/>
      </symbol>
      <symbol id="sm-1ba">
         <name>__stack</name>
         <value>0x2000fe00</value>
         <object_component_ref idref="oc-29"/>
      </symbol>
      <symbol id="sm-1bb">
         <name>_c_int00_noargs</name>
         <value>0xbf9</value>
         <object_component_ref idref="oc-55"/>
      </symbol>
      <symbol id="sm-1d6">
         <name>memcpy</name>
         <value>0xa39</value>
         <object_component_ref idref="oc-37"/>
      </symbol>
      <symbol id="sm-1d7">
         <name>__aeabi_memcpy</name>
         <value>0xa39</value>
         <object_component_ref idref="oc-37"/>
      </symbol>
      <symbol id="sm-1d8">
         <name>__aeabi_memcpy8</name>
         <value>0xa39</value>
         <object_component_ref idref="oc-37"/>
      </symbol>
      <symbol id="sm-1d9">
         <name>__aeabi_memcpy4</name>
         <value>0xa39</value>
         <object_component_ref idref="oc-37"/>
      </symbol>
      <symbol id="sm-202">
         <name>__TI_auto_init_nobinit_nopinit</name>
         <value>0xbb5</value>
         <object_component_ref idref="oc-e1"/>
      </symbol>
      <symbol id="sm-20c">
         <name>_system_pre_init</name>
         <value>0xc49</value>
         <object_component_ref idref="oc-93"/>
      </symbol>
      <symbol id="sm-218">
         <name>C$$EXIT</name>
         <value>0xc4d</value>
         <object_component_ref idref="oc-d5"/>
      </symbol>
      <symbol id="sm-219">
         <name>abort</name>
         <value>0xc4d</value>
         <object_component_ref idref="oc-d5"/>
      </symbol>
      <symbol id="sm-21c">
         <name>__TI_static_base__</name>
         <value>0x0</value>
      </symbol>
      <symbol id="sm-21f">
         <name>__mpu_init</name>
         <value>0x0</value>
      </symbol>
      <symbol id="sm-220">
         <name>_system_post_cinit</name>
         <value>0x0</value>
      </symbol>
      <symbol id="sm-221">
         <name>NMI_Handler</name>
         <value>0xc47</value>
      </symbol>
      <symbol id="sm-222">
         <name>HardFault_Handler</name>
         <value>0xc47</value>
      </symbol>
      <symbol id="sm-223">
         <name>MemManage_Handler</name>
         <value>0xc47</value>
      </symbol>
      <symbol id="sm-224">
         <name>BusFault_Handler</name>
         <value>0xc47</value>
      </symbol>
      <symbol id="sm-225">
         <name>UsageFault_Handler</name>
         <value>0xc47</value>
      </symbol>
      <symbol id="sm-226">
         <name>SVC_Handler</name>
         <value>0xc47</value>
      </symbol>
      <symbol id="sm-227">
         <name>DebugMon_Handler</name>
         <value>0xc47</value>
      </symbol>
      <symbol id="sm-228">
         <name>PendSV_Handler</name>
         <value>0xc47</value>
      </symbol>
      <symbol id="sm-229">
         <name>SysTick_Handler</name>
         <value>0xc47</value>
      </symbol>
      <symbol id="sm-22a">
         <name>PSS_IRQHandler</name>
         <value>0xc47</value>
      </symbol>
      <symbol id="sm-22b">
         <name>CS_IRQHandler</name>
         <value>0xc47</value>
      </symbol>
      <symbol id="sm-22c">
         <name>PCM_IRQHandler</name>
         <value>0xc47</value>
      </symbol>
      <symbol id="sm-22d">
         <name>WDT_A_IRQHandler</name>
         <value>0xc47</value>
      </symbol>
      <symbol id="sm-22e">
         <name>FPU_IRQHandler</name>
         <value>0xc47</value>
      </symbol>
      <symbol id="sm-22f">
         <name>FLCTL_IRQHandler</name>
         <value>0xc47</value>
      </symbol>
      <symbol id="sm-230">
         <name>COMP_E0_IRQHandler</name>
         <value>0xc47</value>
      </symbol>
      <symbol id="sm-231">
         <name>COMP_E1_IRQHandler</name>
         <value>0xc47</value>
      </symbol>
      <symbol id="sm-232">
         <name>TA0_0_IRQHandler</name>
         <value>0x509</value>
      </symbol>
      <symbol id="sm-233">
         <name>TA0_N_IRQHandler</name>
         <value>0xc47</value>
      </symbol>
      <symbol id="sm-234">
         <name>TA1_0_IRQHandler</name>
         <value>0x55d</value>
      </symbol>
      <symbol id="sm-235">
         <name>TA1_N_IRQHandler</name>
         <value>0xc47</value>
      </symbol>
      <symbol id="sm-236">
         <name>TA2_0_IRQHandler</name>
         <value>0xc47</value>
      </symbol>
      <symbol id="sm-237">
         <name>TA2_N_IRQHandler</name>
         <value>0xc47</value>
      </symbol>
      <symbol id="sm-238">
         <name>TA3_0_IRQHandler</name>
         <value>0xc47</value>
      </symbol>
      <symbol id="sm-239">
         <name>TA3_N_IRQHandler</name>
         <value>0xc47</value>
      </symbol>
      <symbol id="sm-23a">
         <name>EUSCIA0_IRQHandler</name>
         <value>0xc47</value>
      </symbol>
      <symbol id="sm-23b">
         <name>EUSCIA1_IRQHandler</name>
         <value>0xc47</value>
      </symbol>
      <symbol id="sm-23c">
         <name>EUSCIA2_IRQHandler</name>
         <value>0xc47</value>
      </symbol>
      <symbol id="sm-23d">
         <name>EUSCIA3_IRQHandler</name>
         <value>0xc47</value>
      </symbol>
      <symbol id="sm-23e">
         <name>EUSCIB0_IRQHandler</name>
         <value>0xc47</value>
      </symbol>
      <symbol id="sm-23f">
         <name>EUSCIB1_IRQHandler</name>
         <value>0xc47</value>
      </symbol>
      <symbol id="sm-240">
         <name>EUSCIB2_IRQHandler</name>
         <value>0xc47</value>
      </symbol>
      <symbol id="sm-241">
         <name>EUSCIB3_IRQHandler</name>
         <value>0xc47</value>
      </symbol>
      <symbol id="sm-242">
         <name>ADC14_IRQHandler</name>
         <value>0xc47</value>
      </symbol>
      <symbol id="sm-243">
         <name>T32_INT1_IRQHandler</name>
         <value>0xc47</value>
      </symbol>
      <symbol id="sm-244">
         <name>T32_INT2_IRQHandler</name>
         <value>0xc47</value>
      </symbol>
      <symbol id="sm-245">
         <name>T32_INTC_IRQHandler</name>
         <value>0xc47</value>
      </symbol>
      <symbol id="sm-246">
         <name>AES256_IRQHandler</name>
         <value>0xc47</value>
      </symbol>
      <symbol id="sm-247">
         <name>RTC_C_IRQHandler</name>
         <value>0xc47</value>
      </symbol>
      <symbol id="sm-248">
         <name>DMA_ERR_IRQHandler</name>
         <value>0xc47</value>
      </symbol>
      <symbol id="sm-249">
         <name>DMA_INT3_IRQHandler</name>
         <value>0xc47</value>
      </symbol>
      <symbol id="sm-24a">
         <name>DMA_INT2_IRQHandler</name>
         <value>0xc47</value>
      </symbol>
      <symbol id="sm-24b">
         <name>DMA_INT1_IRQHandler</name>
         <value>0xc47</value>
      </symbol>
      <symbol id="sm-24c">
         <name>DMA_INT0_IRQHandler</name>
         <value>0xc47</value>
      </symbol>
      <symbol id="sm-24d">
         <name>PORT1_IRQHandler</name>
         <value>0x5b5</value>
      </symbol>
      <symbol id="sm-24e">
         <name>PORT2_IRQHandler</name>
         <value>0xc47</value>
      </symbol>
      <symbol id="sm-24f">
         <name>PORT3_IRQHandler</name>
         <value>0xc47</value>
      </symbol>
      <symbol id="sm-250">
         <name>PORT4_IRQHandler</name>
         <value>0x621</value>
      </symbol>
      <symbol id="sm-251">
         <name>PORT5_IRQHandler</name>
         <value>0x685</value>
      </symbol>
      <symbol id="sm-252">
         <name>PORT6_IRQHandler</name>
         <value>0xc47</value>
      </symbol>
   </symbol_table>
   <title>Link successful</title>
</link_info>
